Instrument,Company Common Name,PPE - Net Percentage of Total Assets,Tax Rate - Actual,"Effective Tax Rate, (%)",Tax Rate - Mean,Total Assets,Net Debt to Total Equity,Market Capitalization,Total Debt Percentage of Total Equity,Shareholders' Equity - Attributable to Parent ShHold - Total,Total Liabilities & Equity
XOM.N,Exxon Mobil Corp,65.68867,24.47,24.6174,31.46375,338923000000.0,0.23359,259051954878.41,27.2303,168577000000.0,338923000000.0
TTEF.PA,TotalEnergies SE,36.3115,36.93985,36.93985,38.12375,293458000000.0,0.28288,133963532448.071,54.82569,111736000000.0,293458000000.0
BP.L,BP PLC,39.30143,60.0285,44.26348,41.152,287272000000.0,0.48172,88268433641.6762,77.16472,75463000000.0,287272000000.0
CVX.N,Chevron Corp,62.88392,27.11,27.49665,31.79857,239535000000.0,0.18361,226213942594.65,22.41604,139067000000.0,239535000000.0
TTLC.CI,Total Cote d'Ivoire SA,,,,,,,,,,
OXY.N,Occidental Petroleum Corp,80.83587,27.5,24.69636,29.275,75036000000.0,1.32105,27076108639.19,145.70276,20327000000.0,75036000000.0
GAZP.MM,Gazprom PAO,62.48277,,22.04098,,27047230000000.0,0.15352,8126643508312.0,30.63698,16251519000000.0,27047230000000.0
MOLB.BU,MOL Magyar Olajes Gazipari Nyrt,52.05742,7.18406,7.18406,,6494259000000.0,0.20287,2061653533975.18,34.19102,2775862000000.0,6494259000000.0
MGMC.OM,Muscat Gases Company SAOG,30.38896,,23.25434,,10825511.0,-0.19206,4920255.7970261,12.6356,6345779.0,10825511.0
IMO.TO,Imperial Oil Ltd,77.20318,24.4898,24.4898,25.2,40782000000.0,0.13908,31733789148.32,23.81412,21735000000.0,40782000000.0
SU.TO,Suncor Energy Inc,80.93242,27.51,26.05027,27.15,83739000000.0,0.44106,46115782584.3,50.12837,36614000000.0,83739000000.0
ENI.MI,Eni SpA,44.3654,51.01,45.34394,49.987,137765000000.0,0.41726,44060369042.56,74.41991,44437000000.0,137765000000.0
600028.SS,China Petroleum & Chemical Corp,49.74649,27.14046,21.52139,23.5,1889255000000.0,0.1149,479672057251.734,35.72351,775102000000.0,1889255000000.0
600617.SS,Shanxi Guoxin Energy Corp Ltd,66.99402,,225.00484,,32482875023.8,4.32982,5603096891.97333,532.09447,3877928011.21,32482875023.8
PETR4.SA,Petroleo Brasileiro SA Petrobras,71.88502,29.23371,29.23371,38.0,972951000000.0,0.68221,387861459478.0,84.1463,387329000000.0,972951000000.0
OMVV.VI,OMV AG,34.51615,42.423,42.423,15.01143,53798000000.0,0.26273,16383447044.1633,49.34079,13022000000.0,53798000000.0
REP.MC,Repsol SA,38.62125,44.71202,41.60314,38.29143,56254000000.0,0.23774,15939905209.108,63.57813,22414000000.0,56254000000.0
LKOH.MM,NK Lukoil PAO,62.10176,19.8,19.79919,20.0,6864749000000.0,0.01507,4552128056340.0,16.757,4515034000000.0,6864749000000.0
ONGC.NS,Oil and Natural Gas Corporation Ltd,53.57351,8.86846,8.86845,26.51429,5854493210000.0,0.38731,2061907761863.4,43.0017,2598519190000.0,5854493210000.0
YPFD.BA,YPF SA,70.9402,,101.27042,,2390068000000.0,0.82435,306134012216.35,95.84008,839892000000.0,2390068000000.0
SNGS.MM,Surgutneftegaz PAO,18.17091,,,,5841192913000.0,-0.25959,1737139650235.25,,5435155890000.0,5841192913000.0
SIBN.MM,Gazprom Neft' PAO,62.6865,17.95,17.94786,,4960473000000.0,0.09966,2612516831166.54,32.60103,2348082000000.0,4960473000000.0
YAKG.MM,Yakutskaya Toplivno-Energeticheskaya Kompaniya PAO,72.20506,,31.16788,,27192000000.0,0.62359,92573624031.25,91.19154,12295000000.0,27192000000.0
600256.SS,Guanghui Energy Co Ltd,64.7764,,19.02765,,59708656125.85,1.29393,42940038609.06,139.06132,21121135036.3,59708656125.85
EQNR.OL,Equinor ASA,42.19345,72.84615,72.83693,65.27,147120000000.0,0.07585,87305423591.709,92.86337,39010000000.0,147120000000.0
ROSNP.BX,OMV Petrom SA,51.76018,15.70525,15.70525,,49969900000.0,-0.32541,28265410059.165,2.72194,34213340000.0,49969900000.0
PTT.BK,PTT PCL,52.28782,30.77079,30.77079,23.43333,3078018833338.0,0.39795,1080209886837.31,64.485,1006696222041.0,3078018833338.0
ELIr.AT,Elinoil Hellenic Petroleum Company SA,19.53173,,22.57689,,223290985.82,1.66256,38685927.9432425,207.73565,59849006.77,223290985.82
NVTK.MM,Novatek PAO,35.42148,9.89278,9.89278,,2457664000000.0,0.04222,,9.78609,1894402000000.0,2457664000000.0
PEA.TO,Pieridae Energy Ltd,86.28586,,,,622540000.0,,48870220.01,,-32833000.0,622540000.0
ENER.KW,Energy House Holding Company KSCP,1.105,,,,26808975.0,-0.70046,47298386.5365531,1.39044,20005033.0,26808975.0
PGN.WA,Polskie Gornictwo Naftowe i Gazownictwo SA,49.41325,45.23766,45.23766,35.0,101576000000.0,0.07159,36435777355.516,32.47327,45074000000.0,101576000000.0
SHEL.L,Shell PLC,48.20527,30.839,30.83912,31.40167,404379000000.0,0.2979,168671868083.962,50.81163,171966000000.0,404379000000.0
ECHOE.L,Echo Energy PLC,19.07249,,,,14022314.0,,9297596.82912805,,-33809477.0,14022314.0
DANA.AD,Dana Gas PJSC,38.5611,,6.48968,,2627000000.0,-0.01701,2019031687.46392,8.67859,2293000000.0,2627000000.0
ROSN.MM,NK Rosneft' PAO,65.18807,,19.16933,,16457000000000.0,0.44691,6357846872418.3,69.03991,5532000000000.0,16457000000000.0
GALP.LS,Galp Energia SGPS SA,41.89914,82.20641,82.20641,55.20167,14912000000.0,0.89093,6570377950.92,138.01008,3052000000.0,14912000000.0
GSP.MI,Gas Plus SpA,22.80536,,7.53163,,507771000.0,0.47506,151230236.603434,60.3743,170877000.0,507771000.0
INAI.ZA,INA dd,53.36971,,17.20227,,21990000000.0,0.0678,35000000000.0,31.90503,10767000000.0,21990000000.0
601857.SS,PetroChina Co Ltd,63.88148,27.502,27.50231,33.75,2502533000000.0,0.23195,854692275189.115,34.80084,1263815000000.0,2502533000000.0
ECO.CN,Ecopetrol SA,51.80012,28.87,28.766,29.5,244250094000000.0,0.83578,110603908716100.0,101.39608,71733024000000.0,244250094000000.0
CVE.TO,Cenovus Energy Inc,68.30364,-22.54,55.36122,27.85,54104000000.0,0.55528,31294176768.69,67.69739,23596000000.0,54104000000.0
NIIS.BEL,NIS ad Novi Sad,73.88254,,16.83908,,410996330000.0,0.22259,101097448000.0,30.36721,262816533000.0,410996330000.0
IOG.L,Iog PLC,79.2937,0.0,,,180689000.0,2.52348,188555116.32,362.71186,28320000.0,180689000.0
2222.SE,Saudi Arabian Oil Co,57.53557,46.41,46.40874,46.5,2162690000000.0,0.1427,7160000000000.0,39.89488,1113257000000.0,2162690000000.0
RNFT.MM,NK Russneft' PAO,54.70645,,30.5899,,286968000000.0,1.02523,45118008000.0,115.09124,64221000000.0,286968000000.0
UNTC.PK,Unit Corp,73.55122,,0.35752,,629477000.0,-0.11244,324616195.1,4.80399,187397000.0,629477000.0
XOM.N,Exxon Mobil Corp,70.21217,,,-2.9,332750000000.0,0.38637,174287810179.08,41.29592,157150000000.0,332750000000.0
TTEF.PA,TotalEnergies SE,40.70724,7.42,,42.68,266132000000.0,0.39541,114381140794.455,71.34562,103702000000.0,266132000000.0
BP.L,BP PLC,42.90465,16.0,,-18.63333,267654000000.0,0.61237,70878086579.5425,95.74374,71250000000.0,267654000000.0
CVX.N,Chevron Corp,66.96151,,,28.84286,239790000000.0,0.29149,162570066548.85,33.38833,131688000000.0,239790000000.0
TTLC.CI,Total Cote d'Ivoire SA,48.94234,,23.62781,,127215000000.0,0.29339,107034720000.0,43.84642,43365000000.0,127215000000.0
OXY.N,Occidental Petroleum Corp,83.62185,,,14.35,80064000000.0,1.84014,16119236358.45,194.82582,18573000000.0,80064000000.0
GAZP.MM,Gazprom PAO,69.79393,,-21.68144,,23352185000000.0,0.26941,5035119458701.0,34.85746,14237943000000.0,23352185000000.0
MOLB.BU,MOL Magyar Olajes Gazipari Nyrt,58.45527,,,,5530001000000.0,0.36593,1788870601375.39,45.67993,2230715000000.0,5530001000000.0
MGMC.OM,Muscat Gases Company SAOG,28.89845,,13.43293,,10344879.0,-0.52416,6210000.0,15.87899,6647682.0,10344879.0
IMO.TO,Imperial Oil Ltd,84.72562,,,-0.05,38031000000.0,0.20604,17735294400.8,24.20394,21418000000.0,38031000000.0
SU.TO,Suncor Energy Inc,83.2183,,,-0.15,84616000000.0,0.55413,32561969451.9,60.68462,35757000000.0,84616000000.0
ENI.MI,Eni SpA,53.43098,139.2,,191.58333,109648000000.0,0.44779,30820624760.704,84.55978,37415000000.0,109648000000.0
600028.SS,China Petroleum & Chemical Corp,52.22613,15.0105,13.09634,18.75,1738896000000.0,0.13823,459613625323.526,34.57298,747294000000.0,1738896000000.0
600617.SS,Shanxi Guoxin Energy Corp Ltd,71.44396,,,,31477175149.35,4.31788,4795059881.5227,498.91313,3877363308.33,31477175149.35
PETR4.SA,Petroleo Brasileiro SA Petrobras,65.36577,,-16781.08108,,987419000000.0,1.05502,373476694608.62,126.16037,308410000000.0,987419000000.0
OMVV.VI,OMV AG,38.97424,-68.91429,-68.91429,31.8,49271000000.0,0.4564,10799999991.0,59.98291,10512000000.0,49271000000.0
REP.MC,Repsol SA,42.44655,33.11,,36.4,49302000000.0,0.4603,12935097144.75,75.75344,20295000000.0,49302000000.0
LKOH.MM,NK Lukoil PAO,71.17446,,83.16276,,5991579000000.0,0.07445,3580730258016.0,15.97067,4123014000000.0,5991579000000.0
ONGC.NS,Oil and Natural Gas Corporation Ltd,53.78662,29.11425,29.09802,31.47143,5432787530000.0,0.49692,1285075520892.9,54.817,2213506500000.0,5432787530000.0
YPFD.BA,YPF SA,74.02192,,,,1923225000000.0,0.938,272864133054.55,106.02594,677230000000.0,1923225000000.0
SNGS.MM,Surgutneftegaz PAO,29.88937,,16.46222,,5875687000000.0,-0.25784,1612993284852.88,1.66185,5160070000000.0,5875687000000.0
SIBN.MM,Gazprom Neft' PAO,68.56191,,15.91761,,4259174000000.0,0.28356,1502754920581.05,38.87623,2084638000000.0,4259174000000.0
YAKG.MM,Yakutskaya Toplivno-Energeticheskaya Kompaniya PAO,64.57297,,29.43723,,22926000000.0,0.36353,43992110750.0,61.96019,11856000000.0,22926000000.0
600256.SS,Guanghui Energy Co Ltd,70.13628,29.6437,29.6437,,54120478466.57,1.4175,19113912767.4,156.32353,16913977284.42,54120478466.57
EQNR.OL,Equinor ASA,54.89027,56.874,,48.26,124809000000.0,0.60463,55302020604.0393,112.46017,33873000000.0,124809000000.0
ROSNP.BX,OMV Petrom SA,58.38245,12.69291,12.69291,,47620820000.0,-0.23281,20590133379.7725,2.91602,33070630000.0,47620820000.0
PTT.BK,PTT PCL,57.01214,38.64856,38.64856,21.5,2544182883923.0,0.29348,1209483679810.73,61.86617,882040401831.0,2544182883923.0
ELIr.AT,Elinoil Hellenic Petroleum Company SA,23.46407,,34.46094,,181253785.37,1.4825,36695320.2,161.40526,55948875.18,181253785.37
NVTK.MM,Novatek PAO,35.42224,,39.36078,,2059178000000.0,0.02973,3823316515200.0,14.19703,1619964000000.0,2059178000000.0
PEA.TO,Pieridae Energy Ltd,85.03259,,,,612651000.0,48.24384,74879888.725,5076.87044,4647000.0,612651000.0
ENER.KW,Energy House Holding Company KSCP,6.97432,,,,28042018.0,-0.73183,21300000.0,1.2089,21129407.0,28042018.0
PGN.WA,Polskie Gornictwo Naftowe i Gazownictwo SA,67.70212,18.67036,18.67036,17.5,62871000000.0,-0.06502,32189560605.1334,9.33512,44821000000.0,62871000000.0
SHEL.L,Shell PLC,55.29072,30.97,,29.53333,379268000000.0,0.48054,137018726832.651,68.13173,155310000000.0,379268000000.0
ECHOE.L,Echo Energy PLC,13.07935,,,,19516967.0,,7750218.78666065,,-24050627.0,19516967.0
DANA.AD,Dana Gas PJSC,39.14121,,,,2422000000.0,0.00186,1359915211.37062,7.59907,2143000000.0,2422000000.0
ROSN.MM,NK Rosneft' PAO,68.76873,,-12.92517,,15350000000000.0,0.50465,4612326985958.4,80.04374,4706000000000.0,15350000000000.0
GALP.LS,Galp Energia SGPS SA,47.07012,83.19,,69.375,12492000000.0,0.75902,6750831993.234,117.85366,3160000000.0,12492000000.0
GSP.MI,Gas Plus SpA,22.84024,,,,458835000.0,0.47653,83531893.2,50.34985,177764000.0,458835000.0
INAI.ZA,INA dd,63.19225,,,,18996000000.0,0.21321,27913126817.3032,25.58512,9344000000.0,18996000000.0
601857.SS,PetroChina Co Ltd,64.15484,40.283,40.28608,28.75,2488400000000.0,0.27106,714597364402.074,37.7835,1215421000000.0,2488400000000.0
ECO.CN,Ecopetrol SA,70.8811,35.65,38.46663,31.8,139417119000000.0,0.70292,92306979579050.0,83.71975,52095250000000.0,139417119000000.0
CVE.TO,Cenovus Energy Inc,82.92035,,,3.55,32770000000.0,0.55821,9523741748.25,58.08344,16707000000.0,32770000000.0
NIIS.BEL,NIS ad Novi Sad,80.24809,,,,385230187000.0,0.31519,105010897600.0,35.12135,242742629000.0,385230187000.0
IOG.L,Iog PLC,45.36012,,,,154239000.0,4.38253,64443872.46,502.50899,22798000.0,154239000.0
2222.SE,Saudi Arabian Oil Co,63.18156,50.45056,50.65758,50.1425,1914261000000.0,0.29173,7000000000000.0,48.68585,990848000000.0,1914261000000.0
RNFT.MM,NK Russneft' PAO,53.83643,,,,275295000000.0,1.81956,68588784000.0,193.10042,36388000000.0,275295000000.0
UNTC.PK,Unit Corp,85.02223,,,,649703000.0,0.21164,,24.01731,179222000.0,649703000.0
XOM.N,Exxon Mobil Corp,71.6087,30.02593,30.02593,38.44286,362597000000.0,0.2211,295246581285.48,23.66265,191650000000.0,362597000000.0
TTEF.PA,TotalEnergies SE,42.59442,33.92259,33.92259,41.7,273294000000.0,0.2626,143502173497.298,51.04396,116778000000.0,273294000000.0
BP.L,BP PLC,44.93384,48.614,48.61418,38.74,295194000000.0,0.56084,127390545119.332,76.90154,98412000000.0,295194000000.0
CVX.N,Chevron Corp,65.101,29.02,48.55491,30.66667,237428000000.0,0.14616,226820077851.51,18.57542,144213000000.0,237428000000.0
TTLC.CI,Total Cote d'Ivoire SA,45.94396,,26.08838,,134651000000.0,0.10917,85312968000.0,53.27745,40916000000.0,134651000000.0
OXY.N,Occidental Petroleum Corp,78.0306,36.02,243.22034,38.56667,107190000000.0,1.03868,36813612938.7,112.72494,34232000000.0,107190000000.0
GAZP.MM,Gazprom PAO,68.87146,,21.97503,,21882348000000.0,0.22974,6069888707560.0,28.13017,14104833000000.0,21882348000000.0
MOLB.BU,MOL Magyar Olajes Gazipari Nyrt,52.33474,,17.16292,,5132287000000.0,0.20286,2409108982560.0,36.89915,2163593000000.0,5132287000000.0
MGMC.OM,Muscat Gases Company SAOG,32.61401,,9.40648,,10446572.0,-0.43324,4680000.0,17.71641,7189211.0,10446572.0
IMO.TO,Imperial Oil Ltd,81.69104,24.8,-7.52688,25.8,42187000000.0,0.14364,25863761189.4,21.44093,24276000000.0,42187000000.0
SU.TO,Suncor Energy Inc,83.93582,14.68,-14.44927,28.05,89435000000.0,0.38081,65417824454.08,42.74297,42042000000.0,89435000000.0
ENI.MI,Eni SpA,54.71565,97.30247,97.30247,61.12,123440000000.0,0.36351,50318930079.18,62.97704,47839000000.0,123440000000.0
600028.SS,China Petroleum & Chemical Corp,56.67346,23.19378,19.90767,19.90333,1760286000000.0,0.2478,595236699468.077,39.73569,739965000000.0,1760286000000.0
600617.SS,Shanxi Guoxin Energy Corp Ltd,70.8648,,218.35025,,29525426153.03,4.42354,4933805087.92627,497.70849,3792967468.91,29525426153.03
PETR4.SA,Petroleo Brasileiro SA Petrobras,69.32412,34.71487,34.71487,55.25,926011000000.0,1.06261,407228183885.84,117.39136,295541000000.0,926011000000.0
OMVV.VI,OMV AG,40.81486,37.82218,37.82218,38.32,40375000000.0,0.27735,16389818168.16,45.21141,11025000000.0,40375000000.0
REP.MC,Repsol SA,39.97755,,,35.0125,57895000000.0,0.44694,21814991220.54,68.28514,24928000000.0,57895000000.0
LKOH.MM,NK Lukoil PAO,67.69755,,19.04988,,5947050000000.0,-0.00315,4410835000000.0,13.92322,3965364000000.0,5947050000000.0
ONGC.NS,Oil and Natural Gas Corporation Ltd,53.8646,39.37456,39.58448,34.7,5100176140000.0,0.51173,859233069769.8,57.82807,2054864350000.0,5100176140000.0
YPFD.BA,YPF SA,71.84961,,,,1573289000000.0,0.93791,337103314627.6,107.37841,542549000000.0,1573289000000.0
SNGS.MM,Surgutneftegaz PAO,30.58172,,20.11359,,5267896000000.0,-0.21743,2093648836176.72,5.63072,4449064000000.0,5267896000000.0
SIBN.MM,Gazprom Neft' PAO,66.61671,,16.88465,,3825483000000.0,0.26239,1992057043325.85,36.28339,2057206000000.0,3825483000000.0
YAKG.MM,Yakutskaya Toplivno-Energeticheskaya Kompaniya PAO,44.15787,,25.40611,,28885000000.0,0.03859,25651039012.5,130.94238,11233000000.0,28885000000.0
600256.SS,Guanghui Energy Co Ltd,75.47013,18.09474,18.10641,29.0,48741535871.33,1.33031,22488057150.7,145.17498,16015456476.82,48741535871.33
EQNR.OL,Equinor ASA,59.25057,80.07964,80.07964,68.1,118063000000.0,0.41257,66485310783.4449,70.53621,41139000000.0,118063000000.0
ROSNP.BX,OMV Petrom SA,58.8369,,15.01403,,47495230000.0,-0.19308,25319916425.745,3.0777,33500860000.0,47495230000.0
PTT.BK,PTT PCL,55.59023,21.2721,21.2721,22.63333,2486964962939.0,0.24842,1256771835000.0,50.64939,878604109457.0,2486964962939.0
ELIr.AT,Elinoil Hellenic Petroleum Company SA,19.42851,,23.34209,,216567516.57,1.72658,39554695.8,189.33154,53045019.75,216567516.57
NVTK.MM,Novatek PAO,27.66194,,11.92824,,2012867000000.0,0.01496,3831818172000.0,9.75127,1647509000000.0,2012867000000.0
PEA.TO,Pieridae Energy Ltd,83.2509,,,,602474000.0,1.90687,72628511.03,199.85812,104477000.0,602474000.0
ENER.KW,Energy House Holding Company KSCP,8.4312,,,,32075688.0,-0.55935,17100000.0,1.5817,24293160.0,32075688.0
PGN.WA,Polskie Gornictwo Naftowe i Gazownictwo SA,67.58807,36.49838,36.49838,,59185000000.0,0.11205,25008546701.096,17.39668,38813000000.0,59185000000.0
SHEL.L,Shell PLC,58.94825,39.77,35.52286,31.2,404336000000.0,0.41373,232475351386.199,50.62611,186476000000.0,404336000000.0
ECHOE.L,Echo Energy PLC,3.39137,,,,32470931.0,16.39279,21704461.0196234,1758.13544,1175591.0,32470931.0
DANA.AD,Dana Gas PJSC,37.57027,,0.0,,3202000000.0,-0.00836,1826552783.89975,17.32523,2630000000.0,3202000000.0
ROSN.MM,NK Rosneft' PAO,68.51737,,19.25777,,12950000000000.0,0.5462,4766000564304.9,68.76941,4517000000000.0,12950000000000.0
GALP.LS,Galp Energia SGPS SA,49.65868,58.01,62.54887,51.44,13770000000.0,0.46226,11490449702.9,72.79477,4420000000.0,13770000000.0
GSP.MI,Gas Plus SpA,21.37673,,,,544522000.0,0.30812,108681280.4,37.27323,212598000.0,544522000.0
INAI.ZA,INA dd,59.95263,,25.79666,,21532000000.0,0.25838,31200000000.0,31.24108,11204000000.0,21532000000.0
601857.SS,PetroChina Co Ltd,72.18144,35.076,35.07601,35.95,2733190000000.0,0.36048,1017731710995.78,43.70903,1230428000000.0,2733190000000.0
ECO.CN,Ecopetrol SA,69.19924,24.31,24.06636,31.4,135448018000000.0,0.48712,136301842897350.0,63.36846,56412330000000.0,135448018000000.0
CVE.TO,Cenovus Energy Inc,83.85182,39.76,-57.05082,48.35,35713000000.0,0.43899,16218990664.8,44.86745,19201000000.0,35713000000.0
NIIS.BEL,NIS ad Novi Sad,73.68474,,21.45206,,415193944000.0,0.28953,122132239600.0,35.65241,254955703000.0,415193944000.0
IOG.L,Iog PLC,20.46872,,0.0,,146526000.0,1.82463,75027069.53125,222.40801,40548000.0,146526000.0
2222.SE,Saudi Arabian Oil Co,65.72498,50.40158,50.40158,49.9,1494126000000.0,-0.04575,7050000000000.0,16.78256,1035065000000.0,1494126000000.0
RNFT.MM,NK Russneft' PAO,54.77102,,25.07029,,280265000000.0,0.83463,161824824000.0,104.85836,62118000000.0,280265000000.0
UNTC.PK,Unit Corp,93.69906,,,,2090052000.0,0.73721,38566424.1708,73.77503,853878000.0,2090052000.0
XOM.N,Exxon Mobil Corp,71.37604,30.79,31.73521,35.78,346196000000.0,0.17506,288703310922.3,19.03812,191794000000.0,346196000000.0
TTEF.PA,TotalEnergies SE,44.13581,36.06775,36.06775,41.9,256762000000.0,0.18525,139744679597.303,43.64851,115640000000.0,256762000000.0
BP.L,BP PLC,47.93498,42.73,43.44914,38.97143,282176000000.0,0.43781,128218999633.855,64.79596,99444000000.0,282176000000.0
CVX.N,Chevron Corp,66.65288,27.77643,27.90279,30.9,253863000000.0,0.15493,207873143603.51,22.13991,154554000000.0,253863000000.0
TTLC.CI,Total Cote d'Ivoire SA,37.83551,,28.27748,,123059000000.0,-0.34313,175033248000.0,16.72891,37755000000.0,123059000000.0
OXY.N,Occidental Petroleum Corp,71.68559,25.0,28.46314,28.96667,43854000000.0,0.34149,46343492074.44,48.3685,21330000000.0,43854000000.0
GAZP.MM,Gazprom PAO,66.3582,,17.46587,,20810440000000.0,0.21686,3633884230150.0,28.04718,13300009000000.0,20810440000000.0
MOLB.BU,MOL Magyar Olajes Gazipari Nyrt,49.31651,,7.74798,,4611581000000.0,0.12485,2523088368065.42,30.20708,2002760000000.0,4611581000000.0
MGMC.OM,Muscat Gases Company SAOG,29.79755,,29.10878,,8438217.0,-0.29369,6300000.0,2.937,6799827.0,8438217.0
IMO.TO,Imperial Oil Ltd,82.55741,24.7,24.69899,26.3,41456000000.0,0.17118,27163543222.71,21.15235,24489000000.0,41456000000.0
SU.TO,Suncor Energy Inc,85.47093,33.91531,33.91531,30.5,89579000000.0,0.3438,60813845814.87,39.42734,44005000000.0,89579000000.0
ENI.MI,Eni SpA,50.94236,58.46486,59.06797,58.7,118373000000.0,0.16598,49962779916.84,50.6432,51016000000.0,118373000000.0
600028.SS,China Petroleum & Chemical Corp,47.39818,20.11204,20.11204,20.46667,1592308000000.0,-0.03575,607777067124.844,18.89854,718355000000.0,1592308000000.0
600617.SS,Shanxi Guoxin Energy Corp Ltd,71.04666,,84.97336,,28841223432.56,3.92553,5138072400.10048,459.42678,3927579837.98,28841223432.56
PETR4.SA,Petroleo Brasileiro SA Petrobras,70.87137,39.01224,39.67973,,860473000000.0,0.94809,316092665638.64,115.28269,277225000000.0,860473000000.0
OMVV.VI,OMV AG,40.89446,39.0,39.56944,39.05,36961000000.0,0.12925,12518181807.75,39.37557,9919000000.0,36961000000.0
REP.MC,Repsol SA,41.84244,41.58416,41.58416,38.75714,60778000000.0,0.26994,21948996354.56,48.79019,30628000000.0,60778000000.0
LKOH.MM,NK Lukoil PAO,66.79883,,19.65243,,5732382000000.0,0.00398,3747750000000.0,13.13474,4065560000000.0,5732382000000.0
ONGC.NS,Oil and Natural Gas Corporation Ltd,49.14282,38.12545,38.12088,34.43,4994937570000.0,0.32242,2009699603158.5,43.71973,2155049860000.0,4994937570000.0
YPFD.BA,YPF SA,70.32955,,57.17297,,994016000000.0,0.7675,197476002613.45,92.47179,359200000000.0,994016000000.0
SNGS.MM,Surgutneftegaz PAO,28.66357,,18.14755,,5135791000000.0,-0.20005,1263734958138.22,4.88148,4426056000000.0,5135791000000.0
SIBN.MM,Gazprom Neft' PAO,67.20019,,16.48102,,3520926000000.0,0.27739,1643808584841.3,40.2113,1840176000000.0,3520926000000.0
YAKG.MM,Yakutskaya Toplivno-Energeticheskaya Kompaniya PAO,48.90863,,23.44696,,25474405000.0,1.02292,6913045975.0,132.39672,9435239000.0,25474405000.0
600256.SS,Guanghui Energy Co Ltd,80.91733,28.95421,28.95421,,48339021591.74,1.22093,25331508295.2,134.02583,15201806697.44,48339021591.74
EQNR.OL,Equinor ASA,58.00654,60.05616,60.05616,64.32,112508000000.0,0.27055,70420932893.0679,59.84415,42971000000.0,112508000000.0
ROSNP.BX,OMV Petrom SA,61.0931,17.00963,17.00963,,43784140000.0,-0.16214,34244673142.3593,2.29131,31367620000.0,43784140000.0
PTT.BK,PTT PCL,51.87078,24.48979,24.49389,18.72,2353682332950.0,0.08358,1313897827500.0,41.26054,874325249311.0,2353682332950.0
ELIr.AT,Elinoil Hellenic Petroleum Company SA,13.73048,,34.38022,,209362623.26,1.25764,29546881.2,149.20043,51296134.11,209362623.26
NVTK.MM,Novatek PAO,33.55895,,19.94758,,1216370000000.0,0.12712,3437098392000.0,20.52358,868254000000.0,1216370000000.0
PEA.TO,Pieridae Energy Ltd,88.80496,,,,370673000.0,0.44573,199704471.92,54.50473,91900000.0,370673000.0
ENER.KW,Energy House Holding Company KSCP,4.07945,,21.94448,,33717645.0,0.12271,27225000.0,19.90225,23511503.0,33717645.0
PGN.WA,Polskie Gornictwo Naftowe i Gazownictwo SA,64.26761,28.72,28.72057,27.5,53271000000.0,0.01523,39928155661.87,9.91112,37354000000.0,53271000000.0
SHEL.L,Shell PLC,55.9064,32.888,32.8879,35.75,399194000000.0,0.24855,243408898089.904,37.93141,198646000000.0,399194000000.0
ECHOE.L,Echo Energy PLC,1.33084,,,,25218105.0,0.15589,43594234.8267592,228.73649,7052584.0,25218105.0
DANA.AD,Dana Gas PJSC,38.71171,,,,3167000000.0,0.00193,1823556546.80897,16.00309,2585000000.0,3167000000.0
ROSN.MM,NK Rosneft' PAO,64.15711,,21.99519,,13163000000000.0,0.5542,4583711905852.5,86.74364,4053000000000.0,13163000000000.0
GALP.LS,Galp Energia SGPS SA,42.03515,47.12848,47.12848,47.825,12687000000.0,0.28725,10638305614.195,53.66297,4587000000.0,12687000000.0
GSP.MI,Gas Plus SpA,20.6544,,,,523530000.0,0.19472,102843029.8,27.27623,212788000.0,523530000.0
INAI.ZA,INA dd,59.22283,,22.56579,,20742000000.0,0.14117,31436345397.0214,17.68587,11814000000.0,20742000000.0
601857.SS,PetroChina Co Ltd,70.02399,37.142,36.64657,32.06,2441169000000.0,0.2322,1257852048949.54,29.99618,1214067000000.0,2441169000000.0
ECO.CN,Ecopetrol SA,68.00167,36.88,36.87588,35.5,126240620000000.0,0.44566,108753657455050.0,64.18178,57213607000000.0,126240620000000.0
CVE.TO,Cenovus Energy Inc,83.82044,,,24.75,35174000000.0,0.48128,11796384000.0,52.59904,17468000000.0,35174000000.0
NIIS.BEL,NIS ad Novi Sad,67.80509,,18.5359,,395985343000.0,0.20952,112315757438.715,28.24845,242875804000.0,395985343000.0
IOG.L,Iog PLC,91.76767,,,,45297000.0,,24739290.42,,-5776000.0,45297000.0
2222.SE,Saudi Arabian Oil Co,64.87729,,47.79796,,1346892000000.0,-0.0803,,9.85167,1016782000000.0,1346892000000.0
RNFT.MM,NK Russneft' PAO,53.55071,,31.00598,,253048000000.0,1.23096,155530656000.0,126.81321,59368000000.0,253048000000.0
UNTC.PK,Unit Corp,90.15079,46.04,,40.76667,2698053000.0,0.40041,771948468.48,40.44541,1390881000.0,2698053000.0
XOM.N,Exxon Mobil Corp,72.45097,23.61,25.53283,29.01429,348691000000.0,0.20133,354391552280.28,21.76658,187688000000.0,348691000000.0
TTEF.PA,TotalEnergies SE,45.08781,26.73905,26.73905,35.5,242631000000.0,0.13108,139544078744.089,45.03275,111556000000.0,242631000000.0
BP.L,BP PLC,46.82241,37.28,39.73538,40.7625,276515000000.0,0.3885,139954398063.636,62.97558,98491000000.0,276515000000.0
CVX.N,Chevron Corp,70.01883,20.09,21.38597,28.0,253806000000.0,0.22731,237782622046.32,25.95986,148124000000.0,253806000000.0
TTLC.CI,Total Cote d'Ivoire SA,41.06812,,27.09444,,106898000000.0,-0.06787,245550240000.0,24.55636,34093000000.0,106898000000.0
OXY.N,Occidental Petroleum Corp,74.17789,37.0,2.78064,39.42,42026000000.0,0.39646,56367972260.02,47.77367,20572000000.0,42026000000.0
GAZP.MM,Gazprom PAO,68.78248,,24.66852,,18238770000000.0,0.19695,3089393433450.0,27.18591,11629086000000.0,18238770000000.0
MOLB.BU,MOL Magyar Olajes Gazipari Nyrt,53.43399,13.46359,13.46359,,4231700000000.0,0.20699,2462371596120.0,32.11341,1750557000000.0,4231700000000.0
MGMC.OM,Muscat Gases Company SAOG,24.8719,,17.05375,,10758641.0,-0.44573,16740000.0,6.73674,8726963.0,10758641.0
IMO.TO,Imperial Oil Ltd,82.8658,22.18,15.80756,24.4,41601000000.0,0.16419,32718868931.74,21.3096,24435000000.0,41601000000.0
SU.TO,Suncor Energy Inc,84.41348,24.64503,24.64503,25.75,89494000000.0,0.2844,76011941943.6,34.32783,45383000000.0,89494000000.0
ENI.MI,Eni SpA,54.95441,63.12,50.65751,64.36667,114928000000.0,0.23139,50151757554.0,51.38834,48030000000.0,114928000000.0
600028.SS,China Petroleum & Chemical Corp,48.2242,18.80378,18.80378,23.775,1595504000000.0,-0.03423,707517214012.047,21.89141,727244000000.0,1595504000000.0
600617.SS,Shanxi Guoxin Energy Corp Ltd,71.78268,664.99188,664.99194,,25701512748.4,3.67984,8680453140.20242,420.82771,3713739076.51,25701512748.4
PETR4.SA,Petroleo Brasileiro SA Petrobras,70.27618,93.89375,93.89375,,831515000000.0,1.04133,216044788428.02,134.07676,263985000000.0,831515000000.0
OMVV.VI,OMV AG,43.2417,25.0,42.66487,29.98,31576000000.0,0.13925,17289818167.41,41.76085,8985000000.0,31576000000.0
REP.MC,Repsol SA,41.09795,23.2,39.26617,30.8,59857000000.0,0.26458,22950075908.925,42.81438,29797000000.0,59857000000.0
LKOH.MM,NK Lukoil PAO,68.4083,,19.79496,,5226215000000.0,0.07633,2836203173797.5,17.65873,3482951000000.0,5226215000000.0
ONGC.NS,Oil and Natural Gas Corporation Ltd,50.26135,33.726,33.51276,32.87778,4575463230000.0,0.35413,2281749215004.0,46.54408,2027639980000.0,4575463230000.0
YPFD.BA,YPF SA,70.08708,,-45.60496,,505718000000.0,0.97939,165857819580.25,125.26011,152295000000.0,505718000000.0
SNGS.MM,Surgutneftegaz PAO,33.74681,,20.98542,,4239690000000.0,-0.2384,1213170732646.52,5.21178,3612899000000.0,4239690000000.0
SIBN.MM,Gazprom Neft' PAO,70.04332,,17.07319,,2930008000000.0,0.36259,1157351241879.9,42.34965,1553257000000.0,2930008000000.0
YAKG.MM,Yakutskaya Toplivno-Energeticheskaya Kompaniya PAO,49.37596,,19.73681,,23540649000.0,1.24004,7607658250.0,161.88381,7848298000.0,23540649000.0
600256.SS,Guanghui Energy Co Ltd,83.73904,45.39887,45.49238,25.0,45093857774.19,1.45257,26420408901.04,158.03057,11887145455.43,45093857774.19
EQNR.OL,Equinor ASA,57.27903,65.7377,65.7377,68.38333,111100000000.0,0.39797,70941757992.6404,70.88881,39861000000.0,111100000000.0
ROSNP.BX,OMV Petrom SA,64.53704,,14.2835,,42058790000.0,-0.11052,32261814760.814,3.80669,28479670000.0,42058790000.0
PTT.BK,PTT PCL,53.11374,13.29397,13.29397,17.38,2232314156996.0,0.10727,1256771835000.0,42.40742,818671751122.0,2232314156996.0
ELIr.AT,Elinoil Hellenic Petroleum Company SA,16.55172,,32.50054,,166608323.18,1.07284,33206417.6118216,157.5318,52938814.84,166608323.18
NVTK.MM,Novatek PAO,34.48229,,17.11271,,1044162000000.0,0.12519,2057704576200.0,21.02032,757839000000.0,1044162000000.0
PEA.TO,Pieridae Energy Ltd,62.97387,,,,74045000.0,-0.32683,212984113.18,0.36724,59469000.0,74045000.0
ENER.KW,Energy House Holding Company KSCP,16.22506,,,,48448298.0,0.14045,21600000.0,18.00731,29165948.0,48448298.0
PGN.WA,Polskie Gornictwo Naftowe i Gazownictwo SA,67.32361,25.52269,25.52269,,48203000000.0,0.01244,36345600450.53,8.7399,34393000000.0,48203000000.0
SHEL.L,Shell PLC,55.60837,25.9,14.86486,35.7,407097000000.0,0.33099,280180052909.152,43.30627,194356000000.0,407097000000.0
ECHOE.L,Echo Energy PLC,1.24161,,,,31010679.0,-0.91895,67112391.391809,130.71748,11960989.0,31010679.0
DANA.AD,Dana Gas PJSC,38.6568,,31.40496,,3782000000.0,0.03697,1538877232.12788,25.218,2866000000.0,3782000000.0
ROSN.MM,NK Rosneft' PAO,64.79921,,24.81013,,12227000000000.0,0.72699,3089368833655.5,88.42936,3619000000000.0,12227000000000.0
GALP.LS,Galp Energia SGPS SA,43.09186,37.04,44.97992,47.21429,12051000000.0,0.3222,11818197429.325,53.34833,4344000000.0,12051000000.0
GSP.MI,Gas Plus SpA,20.53722,,30.79678,,529731000.0,0.23922,117483565.92,30.6141,214583000.0,529731000.0
INAI.ZA,INA dd,62.37865,,21.86701,,19263000000.0,0.1212,32007395626.2425,15.83377,11660000000.0,19263000000.0
601857.SS,PetroChina Co Ltd,70.77832,30.696,30.69721,22.62,2404910000000.0,0.24598,1405711963083.13,34.45053,1193810000000.0,2404910000000.0
ECO.CN,Ecopetrol SA,69.53176,41.15,43.22315,53.6,118892558000000.0,0.65555,90867895264900.0,87.47829,47898631000000.0,118892558000000.0
CVE.TO,Cenovus Energy Inc,81.27672,,-2.34657,15.5,40933000000.0,0.44647,14105446507.88,47.70032,19981000000.0,40933000000.0
NIIS.BEL,NIS ad Novi Sad,64.35689,21.03544,21.20588,,387554372000.0,0.13751,117649464943.482,29.18987,225051510000.0,387554372000.0
IOG.L,Iog PLC,94.2611,0.0,,0.0,22635000.0,,23140353.5825,,-4766000.0,22635000.0
2222.SE,Saudi Arabian Oil Co,68.12679,,51.04912,,1102553000000.0,-0.01222,,9.39086,813758000000.0,1102553000000.0
RNFT.MM,NK Russneft' PAO,54.4016,,35.2451,,225043000000.0,1.18973,179972028000.0,121.90914,51742000000.0,225043000000.0
UNTC.PK,Unit Corp,92.30239,,39.2704,35.73333,2581452000.0,0.65691,1163352520.0,65.74281,1345560000.0,2581452000.0
XOM.N,Exxon Mobil Corp,73.93692,-5.09474,-5.09474,27.06,330314000000.0,0.22496,374280539604.76,24.5999,167325000000.0,330314000000.0
TTEF.PA,TotalEnergies SE,48.47691,25.0,13.51728,28.89,230978000000.0,0.23856,124367528839.024,52.5095,98680000000.0,230978000000.0
BP.L,BP PLC,49.27805,,,21.33333,263316000000.0,0.35906,122416683608.961,60.20053,95286000000.0,263316000000.0
CVX.N,Chevron Corp,70.05052,,,147.46667,260078000000.0,0.26666,222190448964.0,31.43768,145556000000.0,260078000000.0
TTLC.CI,Total Cote d'Ivoire SA,39.42148,,35.30466,,99149000000.0,0.07285,251909361600.0,32.81171,31504000000.0,99149000000.0
OXY.N,Occidental Petroleum Corp,75.01218,,,26.34,43109000000.0,0.35289,54433146498.85,45.67614,21497000000.0,43109000000.0
GAZP.MM,Gazprom PAO,67.98741,,22.41269,,16918938000000.0,0.16793,3658741418695.0,24.73049,11094531000000.0,16918938000000.0
MOLB.BU,MOL Magyar Olajes Gazipari Nyrt,53.44867,7.068,7.66411,11.3,4103786000000.0,0.32675,2113603905405.0,48.411,1502625000000.0,4103786000000.0
MGMC.OM,Muscat Gases Company SAOG,24.5025,,21.50928,,10603000.0,-0.09345,18360000.0,,8240000.0,10603000.0
IMO.TO,Imperial Oil Ltd,87.22572,,11.41571,21.1,41654000000.0,0.19356,39591349803.81,20.91843,25021000000.0,41654000000.0
SU.TO,Suncor Energy Inc,82.63286,27.0,-417.44186,-48.8,88702000000.0,0.32297,73166637268.3,39.05445,44630000000.0,88702000000.0
ENI.MI,Eni SpA,56.8413,79.7,217.04036,116.325,124545000000.0,0.28559,56220847055.1,51.31108,53037000000.0,124545000000.0
600028.SS,China Petroleum & Chemical Corp,54.72909,25.92361,25.92361,24.55,1498609000000.0,0.06741,642613189867.249,23.85754,712232000000.0,1498609000000.0
600617.SS,Shanxi Guoxin Energy Corp Ltd,72.70974,29.90809,30.59463,26.51,21723053987.49,3.01603,11090791091.6668,348.91077,3737734691.57,21723053987.49
PETR4.SA,Petroleo Brasileiro SA Petrobras,71.04535,24.41,,8.1,804945000000.0,1.22196,209377549423.04,150.55095,250230000000.0,804945000000.0
OMVV.VI,OMV AG,45.50635,-20.43,,5.626,32112000000.0,0.22779,10983272718.12,37.88869,8684000000.0,32112000000.0
REP.MC,Repsol SA,42.09317,23.31544,20.89792,24.08889,64849000000.0,0.2833,20081753100.42,47.71332,30871000000.0,64849000000.0
LKOH.MM,NK Lukoil PAO,67.62886,23.805,23.8053,20.0,5014673000000.0,0.13021,2933592666495.0,21.64383,3220880000000.0,5014673000000.0
ONGC.NS,Oil and Natural Gas Corporation Ltd,48.88518,30.80447,30.07949,31.80909,4453974780000.0,0.28135,2374148508300.0,38.64263,1951712650000.0,4453974780000.0
YPFD.BA,YPF SA,73.13832,,,,421139000000.0,1.14646,101854594597.0,130.07222,118755000000.0,421139000000.0
SNGS.MM,Surgutneftegaz PAO,33.95548,,,,3921585000000.0,-0.13711,1352722619516.2,3.08407,3445167000000.0,3921585000000.0
SIBN.MM,Gazprom Neft' PAO,67.73139,19.19,19.19326,20.0,2548811000000.0,0.41593,1014638122746.0,46.83724,1360140000000.0,2548811000000.0
YAKG.MM,Yakutskaya Toplivno-Energeticheskaya Kompaniya PAO,75.37148,,19.44204,,15541241000.0,1.13875,13148018062.5,114.17108,6348086000.0,15541241000.0
600256.SS,Guanghui Energy Co Ltd,83.99887,,40.25684,,43332669907.93,1.6599,24384053274.28,185.00162,11132627440.27,43332669907.93
EQNR.OL,Equinor ASA,56.97503,105.1,,92.73636,104530000000.0,0.53868,59513236853.3519,90.23904,35072000000.0,104530000000.0
ROSNP.BX,OMV Petrom SA,68.39589,17.96779,17.96779,12.8,41414110000.0,-0.01676,29662156190.3922,6.58802,26769350000.0,41414110000.0
PTT.BK,PTT PCL,55.73334,17.12411,17.12411,18.58,2232331083355.0,0.18934,1062543460500.0,52.39426,762947649190.0,2232331083355.0
ELIr.AT,Elinoil Hellenic Petroleum Company SA,17.48647,,27.98614,,156090984.99,0.82344,23828130.0,119.32087,49969571.72,156090984.99
NVTK.MM,Novatek PAO,34.4245,,13.98314,,963834000000.0,0.25613,2404450721400.0,32.95703,648350000000.0,963834000000.0
PEA.TO,Pieridae Energy Ltd,49.91886,,,,91218740.0,-0.00764,20119604.7,0.2917,74718001.0,91218740.0
ENER.KW,Energy House Holding Company KSCP,13.80796,,,,51169175.0,0.02612,31500000.0,17.30995,32637743.0,51169175.0
PGN.WA,Polskie Gornictwo Naftowe i Gazownictwo SA,66.73579,26.82243,26.82243,19.0,49672000000.0,0.01593,33217000000.0,19.34757,32828000000.0,49672000000.0
SHEL.L,Shell PLC,57.40636,14.788,14.78773,38.645,411275000000.0,0.39093,229753726443.549,49.05602,186646000000.0,411275000000.0
ECHOE.L,Echo Energy PLC,0.38679,,,,1163136.5341,-0.35995,2192904.00529211,0.0,633494.52285,1163136.5341
DANA.AD,Dana Gas PJSC,29.34927,,,,3765000000.0,0.17326,1024824396.51407,28.50467,2781000000.0,3765000000.0
ROSN.MM,NK Rosneft' PAO,64.32491,,36.59306,,11117000000000.0,0.56848,4268946024687.6,89.52935,3302000000000.0,11117000000000.0
GALP.LS,Galp Energia SGPS SA,47.5122,77.479,61.26011,37.15,12439145000.0,0.28566,10942918206.99,44.36056,4980471000.0,12439145000.0
GSP.MI,Gas Plus SpA,20.03005,,,,531801000.0,0.10977,108950738.12,19.45411,213803000.0,531801000.0
INAI.ZA,INA dd,61.96038,,79.39262,,20292000000.0,0.23648,28993500000.0,29.41399,10733000000.0,20292000000.0
601857.SS,PetroChina Co Ltd,72.55149,34.93,34.91326,30.28,2396950000000.0,0.31142,1396475686423.18,38.32435,1189319000000.0,2396950000000.0
ECO.CN,Ecopetrol SA,69.74853,,65.94436,,121307418000000.0,0.84829,56741038672200.0,115.23026,43673854000000.0,121307418000000.0
CVE.TO,Cenovus Energy Inc,71.3081,-33.04,,36.33333,25258000000.0,0.22761,16913859129.3,54.85764,11590000000.0,25258000000.0
NIIS.BEL,NIS ad Novi Sad,64.16571,,14.89778,,374316520000.0,0.25647,120182119356.705,37.16488,201480512000.0,374316520000.0
IOG.L,Iog PLC,54.21557,0.0,,0.0,13889000.0,,20624365.76625,,-4300000.0,13889000.0
2222.SE,Saudi Arabian Oil Co,67.54162,,83.69675,,940703000000.0,-0.01137,,7.13392,724590000000.0,940703000000.0
RNFT.MM,NK Russneft' PAO,52.27484,,28.5608,,214455000000.0,1.27506,164236608000.0,137.90008,45051000000.0,214455000000.0
UNTC.PK,Unit Corp,92.0059,37.67017,,38.0,2479303000.0,0.72563,1383450799.66,72.63804,1194070000.0,2479303000.0
XOM.N,Exxon Mobil Corp,74.71389,24.65173,24.65173,31.13333,336758000000.0,0.19785,324501057010.4,21.88055,170811000000.0,336758000000.0
TTEF.PA,TotalEnergies SE,48.78655,33.1,25.67169,38.93333,224484000000.0,0.25786,109282420097.963,56.66237,92494000000.0,224484000000.0
BP.L,BP PLC,49.55773,31.0,,24.77778,261832000000.0,0.26995,95898081996.1387,54.03966,97216000000.0,261832000000.0
CVX.N,Chevron Corp,71.21645,2.72615,2.72615,27.1,264540000000.0,0.17686,169308021891.84,25.05036,152716000000.0,264540000000.0
TTLC.CI,Total Cote d'Ivoire SA,35.30635,,31.25,,95725000000.0,0.05912,125923200000.0,20.95446,32542000000.0,95725000000.0
OXY.N,Occidental Petroleum Corp,72.88581,13.73399,,38.375,43409000000.0,0.20961,51636182238.31,34.10678,24350000000.0,43409000000.0
GAZP.MM,Gazprom PAO,64.53117,12.97,12.97413,20.0,17052040000000.0,0.1897,3221728370561.0,31.53765,10589586000000.0,17052040000000.0
MOLB.BU,MOL Magyar Olajes Gazipari Nyrt,56.30746,-7.21118,,16.6,3914883000000.0,0.25195,1489910989420.0,36.79989,1452219000000.0,3914883000000.0
MGMC.OM,Muscat Gases Company SAOG,59.10935,,9.32192,,10372204.0,-0.10519,24840000.0,,8485711.0,10372204.0
IMO.TO,Imperial Oil Ltd,87.55849,25.5,41.65367,-415.0,43170000000.0,0.35488,38209763415.88,36.35432,23425000000.0,43170000000.0
SU.TO,Suncor Energy Inc,81.04531,26.97,,72.5,77527000000.0,0.28828,51634696658.4,39.19926,39039000000.0,77527000000.0
ENI.MI,Eni SpA,48.92411,95.1,,80.30833,139001000000.0,0.30089,50151757554.0,48.41227,55493000000.0,139001000000.0
600028.SS,China Petroleum & Chemical Corp,61.20318,22.53972,22.48587,24.7,1447268000000.0,0.2402,573987901449.37,32.84315,677538000000.0,1447268000000.0
600617.SS,Shanxi Guoxin Energy Corp Ltd,73.23026,27.50124,27.46297,25.0,17699935854.61,2.16171,16022742551.652,270.22509,3615818821.82,17699935854.61
PETR4.SA,Petroleo Brasileiro SA Petrobras,69.97073,14.69,,,900135000000.0,1.49517,101315518676.54,188.63335,254731000000.0,900135000000.0
OMVV.VI,OMV AG,50.33064,34.25877,,9.02,32664000000.0,0.27752,8551636356.51,37.60666,9441000000.0,32664000000.0
REP.MC,Repsol SA,44.62624,45.17588,,26.88333,63196000000.0,0.42455,14590847066.84,56.69992,28541000000.0,63196000000.0
LKOH.MM,NK Lukoil PAO,67.94304,24.76433,24.76433,20.0,5020607000000.0,0.17908,1995336339904.5,26.60518,3222468000000.0,5020607000000.0
ONGC.NS,Oil and Natural Gas Corporation Ltd,50.42409,37.04998,34.66292,33.08333,3425856280000.0,0.09131,1831730434692.0,22.92571,1978136420000.0,3425856280000.0
YPFD.BA,YPF SA,74.53646,84.77,84.77101,71.0,363453000000.0,0.74348,86497753210.85,87.78858,120413000000.0,363453000000.0
SNGS.MM,Surgutneftegaz PAO,30.37666,14.654,17.17729,,4051759000000.0,-0.15426,1554411542045.25,2.32863,3582439000000.0,4051759000000.0
SIBN.MM,Gazprom Neft' PAO,63.87748,20.114,20.11138,17.6,2485466000000.0,0.51161,729923079424.05,65.52705,1157069000000.0,2485466000000.0
YAKG.MM,Yakutskaya Toplivno-Energeticheskaya Kompaniya PAO,86.71551,,23.12322,,11638317000.0,0.93289,13230710000.0,93.75593,5196182000.0,11638317000.0
600256.SS,Guanghui Energy Co Ltd,82.1729,,24.07202,,40870858648.45,1.51111,34826902642.28,169.96539,10875922370.48,40870858648.45
EQNR.OL,Equinor ASA,56.50161,54.03,9500.0,60.50091,109742000000.0,0.35703,44920751949.2865,80.11264,40271000000.0,109742000000.0
ROSNP.BX,OMV Petrom SA,71.20501,5.0,,3.9375,41118160000.0,0.04006,16426791417.15,8.17019,25743130000.0,41118160000.0
PTT.BK,PTT PCL,52.37416,19.159,44.05537,10.56333,2173996186034.0,0.2876,696937108500.0,60.61566,697147025225.0,2173996186034.0
ELIr.AT,Elinoil Hellenic Petroleum Company SA,20.36297,,34.16499,,131448769.11,0.73392,19539066.6,126.0822,49060188.8,131448769.11
NVTK.MM,Novatek PAO,37.69352,20.252,20.25156,,880024000000.0,0.76959,1794456846000.0,83.77611,426079000000.0,880024000000.0
PEA.TO,Pieridae Energy Ltd,48.82378,,,,89846211.0,-0.04432,23636254.6,0.03612,74346961.0,89846211.0
ENER.KW,Energy House Holding Company KSCP,14.84893,,,,68822950.0,-0.06043,30375000.0,2.65217,53420080.0,68822950.0
PGN.WA,Polskie Gornictwo Naftowe i Gazownictwo SA,68.26597,29.13,29.13072,7.13333,48292000000.0,0.0114,30326000000.0,20.20643,31579000000.0,48292000000.0
SHEL.L,Shell PLC,53.75106,23.28,-7.47435,32.76071,340157000000.0,0.16543,146925306331.916,35.57071,162876000000.0,340157000000.0
ECHOE.L,Echo Energy PLC,0.18036,,,,9092446.79597,-0.02032,3341820.03736073,,7345952.95643,9092446.79597
DANA.AD,Dana Gas PJSC,26.38037,8.33,8.28025,,3912000000.0,0.1334,967968792.390239,29.98955,2870000000.0,3912000000.0
ROSN.MM,NK Rosneft' PAO,61.14914,22.609,22.6087,,9642000000000.0,0.57153,2683988532155.25,109.90099,2886000000000.0,9642000000000.0
GALP.LS,Galp Energia SGPS SA,40.77003,41.443,58.61597,32.1375,12793031000.0,0.39131,8266954417.12,57.40144,4772078000.0,12793031000.0
GSP.MI,Gas Plus SpA,18.84301,,,,544536000.0,0.05228,162123728.2,20.93719,223120000.0,544536000.0
INAI.ZA,INA dd,62.45707,,,,20382000000.0,0.28644,29513600000.0,31.24232,10585000000.0,20382000000.0
601857.SS,PetroChina Co Ltd,74.53316,27.167,27.16707,14.06667,2394094000000.0,0.35266,1441833860553.74,40.74774,1179968000000.0,2394094000000.0
ECO.CN,Ecopetrol SA,72.42036,,,,122995950000000.0,1.00439,45639535286160.0,117.66805,43356713000000.0,122995950000000.0
CVE.TO,Cenovus Energy Inc,73.32015,32.38,-2.69663,12.625,25791000000.0,0.20168,14580898097.5,53.29675,12391000000.0,25791000000.0
NIIS.BEL,NIS ad Novi Sad,67.54174,,23.34248,,366015781000.0,0.51342,97836240000.0,61.56325,190697814000.0,366015781000.0
IOG.L,Iog PLC,0.0,0.0,0.0,,16334000.0,0.10663,11807654.25,10.83408,13476000.0,16334000.0
2222.SE,Saudi Arabian Oil Co,,,,,,,,,,
RNFT.MM,NK Russneft' PAO,49.12233,,,,213862000000.0,,,,-20952000000.0,213862000000.0
UNTC.PK,Unit Corp,92.18831,38.87297,,38.13333,2799842000.0,0.71608,615055777.6,71.67139,1313580000.0,2799842000.0
XOM.N,Exxon Mobil Corp,72.29558,34.8925,34.8925,39.95,349493000000.0,0.13534,388382450000.0,16.08326,174399000000.0,349493000000.0
TTEF.PA,TotalEnergies SE,46.50867,57.1,66.96206,53.37778,229798000000.0,0.31011,122333778663.521,59.31616,90330000000.0,229798000000.0
BP.L,BP PLC,45.96894,36.0,19.13131,22.73333,284305000000.0,0.20207,116711725255.287,46.92211,111441000000.0,284305000000.0
CVX.N,Chevron Corp,68.8553,38.11294,38.11294,40.05,266026000000.0,0.09349,212067807509.3,17.81025,155028000000.0,266026000000.0
TTLC.CI,Total Cote d'Ivoire SA,26.60429,,28.773,,77168000000.0,-0.15784,117738192000.0,3.24763,31038000000.0,77168000000.0
OXY.N,Occidental Petroleum Corp,70.61981,137.6634,137.6634,40.33333,56259000000.0,0.08722,62507258254.29,19.56006,34959000000.0,56259000000.0
GAZP.MM,Gazprom PAO,65.55908,,48.76786,20.0,15177470000000.0,0.16204,3084895465999.0,26.56935,9816558000000.0,15177470000000.0
MOLB.BU,MOL Magyar Olajes Gazipari Nyrt,53.68044,-11.83765,,29.6,4642022000000.0,0.23487,1206665897780.0,43.91216,1749745000000.0,4642022000000.0
MGMC.OM,Muscat Gases Company SAOG,55.31723,,11.1324,,9380813.0,-0.04808,24840000.0,,7263082.0,9380813.0
IMO.TO,Imperial Oil Ltd,87.12711,,24.61661,,40830000000.0,0.29632,42422330500.55,30.58589,22530000000.0,40830000000.0
SU.TO,Suncor Energy Inc,77.88028,41.19826,41.19826,33.3,79671000000.0,0.1883,53434580667.3,32.03855,41603000000.0,79671000000.0
ENI.MI,Eni SpA,50.53736,65.5,78.14842,63.88,150366000000.0,0.21322,52732029138.3,39.44334,63186000000.0,150366000000.0
600028.SS,China Petroleum & Chemical Corp,60.71182,26.43,26.43011,25.55,1451368000000.0,0.50068,729656826010.946,51.62874,594483000000.0,1451368000000.0
600617.SS,Shanxi Guoxin Energy Corp Ltd,74.57128,24.52767,24.52767,,14227593398.92,2.98907,14039143560.2319,352.69512,2105652753.82,14227593398.92
PETR4.SA,Petroleo Brasileiro SA Petrobras,73.23019,15.559,,3.35,793375000000.0,0.90767,127505603957.54,112.97398,308848000000.0,793375000000.0
OMVV.VI,OMV AG,54.60936,30.0,33.4596,22.25714,33855000000.0,0.33244,7203272721.27,38.16315,10849000000.0,33855000000.0
REP.MC,Repsol SA,33.03398,13.01248,13.01248,29.53636,51889000000.0,0.09857,21369621603.265,37.03441,27946000000.0,51889000000.0
LKOH.MM,NK Lukoil PAO,66.5459,,18.72292,,4738953000000.0,0.18901,1892503242375.0,24.79448,3037378000000.0,4738953000000.0
ONGC.NS,Oil and Natural Gas Corporation Ltd,51.91758,35.43033,35.43033,33.95071,3271386880000.0,0.15071,2620974398262.0,22.90701,1888772050000.0,3271386880000.0
YPFD.BA,YPF SA,75.2467,,59.90848,,208554000000.0,0.54337,123877209645.0,67.74433,72630000000.0,208554000000.0
SNGS.MM,Surgutneftegaz PAO,33.64927,17.26968,17.26968,8.4,3306093000000.0,-0.24382,1067445833402.92,1.74865,2908879000000.0,3306093000000.0
SIBN.MM,Gazprom Neft' PAO,61.67637,13.172,13.172,20.2,2097724000000.0,0.38186,678005848377.0,49.87029,1065748000000.0,2097724000000.0
YAKG.MM,Yakutskaya Toplivno-Energeticheskaya Kompaniya PAO,80.80256,,22.83237,,9782447000.0,0.69299,12403790625.0,69.63277,4927169000.0,9782447000.0
600256.SS,Guanghui Energy Co Ltd,79.59539,,12.08991,,37636264252.2,1.33928,43651110358.24,155.78861,10801321842.49,37636264252.2
EQNR.OL,Equinor ASA,56.98407,71.3,78.28249,54.08889,132702000000.0,0.23408,56301796637.3191,60.75036,51225000000.0,132702000000.0
ROSNP.BX,OMV Petrom SA,74.87493,27.82605,27.82605,,43124770000.0,0.01857,23110796200.68,7.99244,27041570000.0,43124770000.0
PTT.BK,PTT PCL,50.55273,39.63108,35.91163,27.658,2250351380239.0,0.39069,925441078500.0,69.1017,683286519149.0,2250351380239.0
ELIr.AT,Elinoil Hellenic Petroleum Company SA,21.85025,,31.35569,,126368966.67,1.01011,21445317.0,128.81295,45375748.91,126368966.67
NVTK.MM,Novatek PAO,41.72647,,30.14212,,699139000000.0,0.5279,1319578587600.0,63.46261,384755000000.0,699139000000.0
PEA.TO,Pieridae Energy Ltd,47.83675,,28.52064,,84183385.0,-0.06885,23193230.32,0.06379,70101049.0,84183385.0
ENER.KW,Energy House Holding Company KSCP,11.55957,,,,76682806.0,-0.08193,65250000.0,0.10873,62716129.0,76682806.0
PGN.WA,Polskie Gornictwo Naftowe i Gazownictwo SA,68.52798,22.17319,22.17319,,48926000000.0,0.09546,26255000000.0,19.35099,30164000000.0,48926000000.0
SHEL.L,Shell PLC,54.50673,37.9,47.97627,44.75,353116000000.0,0.13851,215603402151.244,26.3563,171966000000.0,353116000000.0
ECHOE.L,Echo Energy PLC,0.20674,,,,9804383.77924,-0.07877,4093473.77518921,,8419952.03538,9804383.77924
DANA.AD,Dana Gas PJSC,26.24585,28.97727,28.97727,28.0,3612000000.0,0.18598,947613764.055651,27.60148,2707000000.0,3612000000.0
ROSN.MM,NK Rosneft' PAO,64.85806,26.778,26.77824,,8736000000000.0,1.00902,2075123216568.6,113.46755,2872000000000.0,8736000000000.0
GALP.LS,Galp Energia SGPS SA,38.23077,36.508,279.60603,38.7,13215417000.0,0.39229,6501743721.151,57.03538,5004537000.0,13215417000.0
GSP.MI,Gas Plus SpA,17.9248,,-234.38155,,581150000.0,0.19561,157093850.76,24.86045,220793000.0,581150000.0
INAI.ZA,INA dd,63.19154,,,,22215000000.0,0.25652,36500000000.0,29.65695,11661000000.0,22215000000.0
601857.SS,PetroChina Co Ltd,72.64087,24.07,24.06996,20.33333,2405376000000.0,0.35604,1895574599550.43,41.37309,1176010000000.0,2405376000000.0
ECO.CN,Ecopetrol SA,71.98414,,42.89664,,110837845000000.0,0.5052,85522732788480.0,70.74448,48021386000000.0,110837845000000.0
CVE.TO,Cenovus Energy Inc,81.74934,32.59,37.74059,28.0,24695000000.0,0.46034,18145395252.27,54.70253,10186000000.0,24695000000.0
NIIS.BEL,NIS ad Novi Sad,64.25516,,17.80688,,361667197000.0,0.54436,126371810000.0,58.97461,183773543000.0,361667197000.0
IOG.L,Iog PLC,,,,,8221000.0,0.01054,4674224.07,7.70903,5980000.0,8221000.0
RNFT.MM,NK Russneft' PAO,50.11287,,-18.34641,,205718568000.0,,,,-131592549000.0,205718568000.0
UNTC.PK,Unit Corp,92.39254,38.71808,38.87297,38.35,4473728000.0,0.37472,1690476469.0,37.5172,2332394000.0,4473728000.0
XOM.N,Exxon Mobil Corp,70.25501,42.04224,42.04224,43.9,346808000000.0,0.10003,438702000000.0,12.57597,174003000000.0,346808000000.0
TTEF.PA,TotalEnergies SE,43.67473,48.48,56.17392,54.94444,239223000000.0,0.23702,145471074614.908,43.9567,100241000000.0,239223000000.0
BP.L,BP PLC,43.73385,35.0,21.38579,33.35,305690000000.0,0.19328,150644771285.827,36.95507,129302000000.0,305690000000.0
CVX.N,Chevron Corp,64.95647,39.9,39.8496,41.5,253753000000.0,0.02603,240223541053.83,13.582,149113000000.0,253753000000.0
TTLC.CI,Total Cote d'Ivoire SA,25.48889,,26.84061,,68983000000.0,-0.16187,57927820080.0,3.62549,28603000000.0,68983000000.0
OXY.N,Occidental Petroleum Corp,80.38391,38.96,41.46562,39.72,69443000000.0,0.08176,75699600000.0,15.9988,43126000000.0,69443000000.0
GAZP.MM,Gazprom PAO,66.53715,21.559,21.55855,20.0,13436236000000.0,0.11296,3284699914875.0,18.70315,9319590000000.0,13436236000000.0
MOLB.BU,MOL Magyar Olajes Gazipari Nyrt,48.35487,66.859,,17.0,4659152000000.0,0.18897,1512905055900.0,45.08539,1706003000000.0,4659152000000.0
MGMC.OM,Muscat Gases Company SAOG,58.48112,,11.61364,,8925418.0,-0.05342,26160000.0,,7099543.0,8925418.0
IMO.TO,Imperial Oil Ltd,84.15283,,24.32432,,37218000000.0,0.30808,39871057477.44,32.20139,19524000000.0,37218000000.0
SU.TO,Suncor Energy Inc,76.66731,38.66,38.6606,35.0,78315000000.0,0.15192,55444896407.88,27.82419,41180000000.0,78315000000.0
ENI.MI,Eni SpA,46.09118,66.5,69.91738,54.44,138341000000.0,0.2439,63561901421.7,41.86801,58210000000.0,138341000000.0
600028.SS,China Petroleum & Chemical Corp,60.03438,25.0,26.40181,25.0,1382916000000.0,0.47955,534001924889.238,50.37801,570346000000.0,1382916000000.0
600617.SS,Shanxi Guoxin Energy Corp Ltd,73.19466,26.06711,26.03282,25.0,10786094778.34,3.32934,11153744987.7258,406.49956,1162792812.46,10786094778.34
PETR4.SA,Petroleo Brasileiro SA Petrobras,70.90351,18.96,18.2845,27.73333,752967000000.0,0.62595,214687732549.62,75.84146,347940000000.0,752967000000.0
OMVV.VI,OMV AG,53.53868,25.0,24.53077,18.0,31848000000.0,0.29481,11385818172.33,34.89859,10873000000.0,31848000000.0
REP.MC,Repsol SA,28.85124,40.0,33.61934,32.51111,55547000000.0,0.26034,24265133486.4,48.22651,27217000000.0,55547000000.0
LKOH.MM,NK Lukoil PAO,71.69839,,27.07019,,3599448710000.0,0.11091,1735149040200.0,13.72266,2584430420000.0,3599448710000.0
ONGC.NS,Oil and Natural Gas Corporation Ltd,59.00613,32.37576,32.37575,34.74167,3242383170000.0,0.14082,2726634701244.0,28.05424,1721515300000.0,3242383170000.0
YPFD.BA,YPF SA,68.95239,,64.60134,,135595000000.0,0.43899,115618729002.0,66.10697,48016000000.0,135595000000.0
SNGS.MM,Surgutneftegaz PAO,43.93309,,18.96603,,2384986000000.0,-0.21816,1210909254393.88,1.70784,2062494000000.0,2384986000000.0
SIBN.MM,Gazprom Neft' PAO,57.27322,,17.37322,,1563633000000.0,0.16725,695880548016.03,31.44904,952612000000.0,1563633000000.0
YAKG.MM,Yakutskaya Toplivno-Energeticheskaya Kompaniya PAO,73.39345,,22.94486,,8432695000.0,0.63913,9509572812.5,72.27969,4235556000.0,8432695000.0
600256.SS,Guanghui Energy Co Ltd,72.01131,,24.15887,,28959691308.13,1.26235,45635251738.16,143.48016,9318729769.22,28959691308.13
EQNR.OL,Equinor ASA,55.03462,71.6,71.6763,58.59167,145572000000.0,0.16306,77248940990.3095,51.27578,58432000000.0,145572000000.0
ROSNP.BX,OMV Petrom SA,76.55874,,15.34693,,40046870000.0,0.00111,26611402095.783,6.53303,26670510000.0,40046870000.0
PTT.BK,PTT PCL,42.93559,29.29181,29.55666,31.41714,1805039120622.0,0.39541,816901692750.0,59.03087,682310867242.0,1805039120622.0
ELIr.AT,Elinoil Hellenic Petroleum Company SA,21.32683,,,,137789534.37,1.16358,20492191.8,139.7342,44353818.42,137789534.37
NVTK.MM,Novatek PAO,40.75084,,19.82425,,597995000000.0,0.42281,1213611508200.0,44.39563,370198000000.0,597995000000.0
PEA.TO,Pieridae Energy Ltd,,,,,,,,,,
ENER.KW,Energy House Holding Company KSCP,11.85014,,12.32458,,77885263.0,-0.06643,79500000.0,2.61697,62585442.0,77885263.0
PGN.WA,Polskie Gornictwo Naftowe i Gazownictwo SA,68.27257,,29.12514,,48384000000.0,0.16989,30385000000.0,26.9251,28447000000.0,48384000000.0
SHEL.L,Shell PLC,53.67568,,50.80376,40.0,357512000000.0,0.19247,232137756232.767,24.59977,180047000000.0,357512000000.0
ECHOE.L,Echo Energy PLC,,,,,,,,,,
DANA.AD,Dana Gas PJSC,27.26498,,25.35885,,3521000000.0,0.1978,1635715969.12521,32.04876,2540000000.0,3521000000.0
ROSN.MM,NK Rosneft' PAO,70.04382,,12.73585,,7531000000000.0,0.64342,2665865648088.18,74.85011,3130000000000.0,7531000000000.0
GALP.LS,Galp Energia SGPS SA,33.33498,31.0,36.23691,36.11667,13717418000.0,0.33855,9188503906.715,57.31229,5160906000.0,13717418000.0
GSP.MI,Gas Plus SpA,18.69897,,44.0899,,601247000.0,0.3292,213320695.0,35.97382,208601000.0,601247000.0
INAI.ZA,INA dd,61.67355,,,,25909000000.0,0.36979,35500000000.0,40.10097,12876000000.0,25909000000.0
601857.SS,PetroChina Co Ltd,70.38912,25.0,20.10325,22.0,2342004000000.0,0.34586,1388437597147.33,39.09425,1132850000000.0,2342004000000.0
ECO.CN,Ecopetrol SA,50.18224,,36.96537,,132427994000000.0,0.15454,152131784287200.0,29.3271,71119203000000.0,132427994000000.0
CVE.TO,Cenovus Energy Inc,74.55994,26.63,39.48812,35.23333,25224000000.0,0.42158,22977293620.8,66.81078,9946000000.0,25224000000.0
NIIS.BEL,NIS ad Novi Sad,59.29246,,11.96194,,345629972000.0,0.47514,151156990800.0,52.70831,168996521000.0,345629972000.0
IOG.L,Iog PLC,,,,,16495958.0,-0.07501,14138815.325,0.0,14937154.0,16495958.0
RNFT.MM,NK Russneft' PAO,68.23498,,14.69072,,123732180000.0,,,,-69003220000.0,123732180000.0
UNTC.PK,Unit Corp,92.54923,,38.71808,,4022390000.0,0.30835,2534871232.36,31.69046,2173392000.0,4022390000.0
XOM.N,Exxon Mobil Corp,67.99053,,39.43424,,333795000000.0,0.01165,389648100000.0,6.74648,165863000000.0,333795000000.0
TTEF.PA,TotalEnergies SE,40.49698,,54.75918,,225886000000.0,0.22431,121773419076.499,45.92088,93969000000.0,225886000000.0
BP.L,BP PLC,41.71221,,37.94606,,300466000000.0,0.24088,132136608509.174,40.75089,118546000000.0,300466000000.0
CVX.N,Chevron Corp,60.66906,,43.15808,,232982000000.0,-0.07017,211649564586.56,8.88183,136524000000.0,232982000000.0
TTLC.CI,Total Cote d'Ivoire SA,23.10243,,89.07216,,60011000000.0,-0.11388,46588435920.0,5.10969,22154000000.0,60011000000.0
OXY.N,Occidental Petroleum Corp,81.08394,,43.41224,,64210000000.0,0.15059,62068189345.1,19.03466,40016000000.0,64210000000.0
GAZP.MM,Gazprom PAO,66.48222,,19.6003,,11956836000000.0,0.12475,3406855241439.0,17.69578,8170733000000.0,11956836000000.0
MOLB.BU,MOL Magyar Olajes Gazipari Nyrt,54.72643,,24.1662,,4766207000000.0,0.33058,1855725683420.0,48.52441,1699116000000.0,4766207000000.0
MGMC.OM,Muscat Gases Company SAOG,105.12219,,11.59762,,9288450.0,-0.16315,25770000.0,,7492959.0,9288450.0
IMO.TO,Imperial Oil Ltd,81.4671,,24.5744,,29364000000.0,0.07114,36217905740.03,10.05679,16377000000.0,29481000000.0
SU.TO,Suncor Energy Inc,76.85501,,45.02408,,76401000000.0,0.1693,50099269887.09,28.11169,39215000000.0,76401000000.0
ENI.MI,Eni SpA,46.2209,,70.2454,,140192000000.0,0.25664,66650958952.2,38.75867,59060000000.0,140192000000.0
600028.SS,China Petroleum & Chemical Corp,60.76835,,26.29762,,1247271000000.0,0.49744,603113777139.593,51.71694,513374000000.0,1247271000000.0
600617.SS,Shanxi Guoxin Energy Corp Ltd,71.58462,,23.17289,,7515596459.53,2.3457,1140072119.41489,298.96321,1099577912.05,7515596459.53
PETR4.SA,Petroleo Brasileiro SA Petrobras,62.58539,,24.48024,,669031561000.0,0.4405,254851853697.86,58.72036,328421405000.0,669031561000.0
OMVV.VI,OMV AG,47.01016,,37.34148,,30519170000.0,0.25661,8952545447.085,34.23292,11161670000.0,30681297000.0
REP.MC,Repsol SA,43.479,,48.43266,,64921000000.0,0.65696,19666346643.38,88.64272,26763000000.0,64921000000.0
LKOH.MM,NK Lukoil PAO,67.58521,,20.38913,,3023505952500.0,0.04611,1708866635620.5,8.92462,2236656867500.0,3023505952500.0
ONGC.NS,Oil and Natural Gas Corporation Ltd,59.55912,,34.70645,,2534606420000.0,0.00666,2664179623368.0,13.39098,1525275700000.0,2534606420000.0
YPFD.BA,YPF SA,71.25918,,54.4425,,79949000000.0,0.3953,38932837317.0,54.71529,31260000000.0,79949000000.0
SNGS.MM,Surgutneftegaz PAO,44.44676,,19.4742,,2070963000000.0,-0.19007,1112393574712.81,1.47903,1813179000000.0,2070963000000.0
SIBN.MM,Gazprom Neft' PAO,57.08525,,17.76028,,1328210000000.0,0.17076,675730024550.28,28.00688,829382000000.0,1328210000000.0
YAKG.MM,Yakutskaya Toplivno-Energeticheskaya Kompaniya PAO,56.78097,,26.75267,,9441296000.0,0.94362,7855734062.5,112.9534,3672398000.0,9441296000.0
600256.SS,Guanghui Energy Co Ltd,64.32067,,20.89525,,23212326665.03,1.0163,57436500850.52,123.41066,8098945125.0,23212326665.03
EQNR.OL,Equinor ASA,55.97909,,66.37639,,141003055905.087,0.13004,79326677879.6557,37.32416,57379111989.9335,141003055905.087
ROSNP.BX,OMV Petrom SA,74.74865,,18.2369,,38144620000.0,0.06886,24249342778.2135,10.1567,23438270000.0,38144620000.0
PTT.BK,PTT PCL,42.08586,,27.03263,,1629511031181.0,0.42725,948291475500.0,62.3627,603920176520.0,1629511031181.0
ELIr.AT,Elinoil Hellenic Petroleum Company SA,24.07275,,,,131965410.83,1.25336,40031258.4,143.80228,46332123.95,131965410.83
NVTK.MM,Novatek PAO,42.61756,,19.45601,,463133000000.0,0.39158,1050440423760.0,45.48113,290050000000.0,463133000000.0
PEA.TO,Pieridae Energy Ltd,81.17935,,,,,-0.08072,59162436.0,0.15024,,
ENER.KW,Energy House Holding Company KSCP,7.74305,,,,82860117.0,-0.08177,54750000.0,6.58667,62001834.0,82860117.0
PGN.WA,Polskie Gornictwo Naftowe i Gazownictwo SA,70.4876,,12.1224,,47929000000.0,0.30382,30739000000.0,37.54458,27193000000.0,47929000000.0
SHEL.L,Shell PLC,49.18526,,46.62654,,350294000000.0,0.109,221810219488.582,21.42898,174749000000.0,350294000000.0
ECHOE.L,Echo Energy PLC,73.89101,,,,23118105.25975,-0.0547,8613027.8161672,,19670374.68076,23118105.25975
DANA.AD,Dana Gas PJSC,26.95402,,27.63158,,3480000000.0,0.20314,790960082.775146,38.06372,2413000000.0,3480000000.0
ROSN.MM,NK Rosneft' PAO,66.20499,,22.17484,,3971000000000.0,0.28036,2862673810149.87,42.67873,2283000000000.0,3971000000000.0
GALP.LS,Galp Energia SGPS SA,32.28166,,30.41517,,13908574000.0,0.25278,9068972382.96,53.42882,5401174000.0,13908574000.0
GSP.MI,Gas Plus SpA,17.83802,,43.05257,,679100000.0,0.43178,222302619.0,45.29367,204771000.0,679100000.0
INAI.ZA,INA dd,66.36879,,35.61387,,28200000000.0,0.44563,39210000000.0,47.82667,14955000000.0,28200000000.0
601857.SS,PetroChina Co Ltd,72.37091,,21.69654,,2168837000000.0,0.3365,1650007378148.67,37.881,1064147000000.0,2168837000000.0
ECO.CN,Ecopetrol SA,48.91455,,31.94291,,113879578000000.0,0.06524,224497173569760.0,20.35225,64740881000000.0,113879578000000.0
CVE.TO,Cenovus Energy Inc,72.00611,,44.03825,,24216000000.0,0.56297,25132024206.79,68.1558,9782000000.0,24216000000.0
NIIS.BEL,NIS ad Novi Sad,53.64736,,4.08035,,292869349000.0,0.16984,120012454400.0,30.39998,133090660000.0,292869349000.0
IOG.L,Iog PLC,,,,,15224337.0,0.02862,,3.03603,13054997.0,15224337.0
RNFT.MM,NK Russneft' PAO,69.82527,,47.68212,,136386360000.0,,,,-91718605000.0,136386360000.0
UNTC.PK,Unit Corp,92.45177,,41.18065,,3761120000.0,0.38519,2187855006.95,38.56808,1974301000.0,3761120000.0
XOM.N,Exxon Mobil Corp,64.84299,,42.38639,,331052000000.0,0.02718,406272285923.4,10.59635,154396000000.0,331052000000.0
TTEF.PA,TotalEnergies SE,39.37387,,52.7654,,211915857605.178,0.25634,120598672020.065,47.19387,86660194174.7573,211915857605.178
BP.L,BP PLC,42.14,,33.00984,,292907000000.0,0.26418,135750618285.781,39.26633,111568000000.0,292907000000.0
CVX.N,Chevron Corp,58.53137,,43.301,,209474000000.0,-0.08063,211893938883.2,8.36464,121382000000.0,209474000000.0
TTLC.CI,Total Cote d'Ivoire SA,20.54118,,35.00428,,59130000000.0,-0.16446,56665440000.0,5.20909,23459000000.0,59130000000.0
OXY.N,Occidental Petroleum Corp,76.0842,,40.16636,,60044000000.0,0.05556,76064594818.4,15.60606,37620000000.0,60044000000.0
GAZP.MM,Gazprom PAO,63.52692,,16.67604,,10786140000000.0,0.13316,4056929905673.0,20.30085,7272846000000.0,10786140000000.0
MOLB.BU,MOL Magyar Olajes Gazipari Nyrt,56.56867,,15.16786,,4993784000000.0,0.3883,1813395697400.0,52.69747,1652438000000.0,4993784000000.0
MGMC.OM,Muscat Gases Company SAOG,46.43439,,11.60499,,9284541.0,-0.22365,22230000.0,,7872753.0,9284541.0
IMO.TO,Imperial Oil Ltd,75.35491,,23.49069,,25429000000.0,0.00038,38473295278.29,9.06088,13321000000.0,25554000000.0
SU.TO,Suncor Energy Inc,76.41788,,39.11444,,74777000000.0,0.18073,46252818154.66,27.92487,38600000000.0,74777000000.0
ENI.MI,Eni SpA,51.47294,,55.69741,,142945000000.0,0.4609,64125795604.76,49.00734,55472000000.0,142945000000.0
600028.SS,China Petroleum & Chemical Corp,59.93055,,25.11156,,1130053000000.0,0.42307,613147958527.327,47.25244,474399000000.0,1130053000000.0
600617.SS,Shanxi Guoxin Energy Corp Ltd,6.25685,,30.13259,,17933562.66,,1354248734.95804,,-59766211.71,17933562.66
PETR4.SA,Petroleo Brasileiro SA Petrobras,57.17691,,25.34631,,600096965000.0,0.31005,291564344780.12,46.82229,329838881000.0,600096965000.0
OMVV.VI,OMV AG,49.20622,,28.50072,,28413471000.0,0.34341,7671272720.88,37.01845,10153547000.0,28895799000.0
REP.MC,Repsol SA,51.80461,,35.91881,,70957000000.0,0.72807,28977194294.305,85.14414,23656000000.0,71775000000.0
LKOH.MM,NK Lukoil PAO,62.28946,,25.101,,2935835248000.0,0.09163,1448764392241.5,13.47642,2177537772000.0,2935835248000.0
ONGC.NS,Oil and Natural Gas Corporation Ltd,55.75258,,33.58276,,2321888670000.0,-0.09196,2295865773702.0,11.51905,1364391300000.0,2321888670000.0
YPFD.BA,YPF SA,71.35924,,41.40522,,60990000000.0,0.47336,65899558467.15,52.08369,23420000000.0,60990000000.0
SNGS.MM,Surgutneftegaz PAO,42.72658,,20.00506,,1896054000000.0,-0.22739,1031450800839.87,1.20008,1671003000000.0,1896054000000.0
SIBN.MM,Gazprom Neft' PAO,2.14572,,19.25987,,739895204000.0,1.03145,702565780507.02,112.4678,288046262000.0,739895204000.0
YAKG.MM,Yakutskaya Toplivno-Energeticheskaya Kompaniya PAO,70.22297,,374.04332,,7794087000.0,0.17765,2315374250.0,22.68168,5591619000.0,7794087000.0
600256.SS,Guanghui Energy Co Ltd,56.59035,,20.69226,,18851446621.1,0.7917,40066544222.04,114.25854,6782738880.0,18851446621.1
EQNR.OL,Equinor ASA,53.03149,,63.31714,,128601546029.515,0.26999,81895614615.4168,46.07293,46665328112.9739,128601546029.515
ROSNP.BX,OMV Petrom SA,72.17157,,18.44317,,36488440000.0,0.08746,16426791417.15,12.85458,21102400000.0,36488440000.0
PTT.BK,PTT PCL,45.26298,,25.5162,,1401846072666.0,0.43611,908303280750.0,63.35482,555763111498.0,1401846072666.0
ELIr.AT,Elinoil Hellenic Petroleum Company SA,23.68787,,,,146319365.95,1.26122,15750393.93,137.96766,48482847.0,146319365.95
NVTK.MM,Novatek PAO,43.87062,,11.65266,,383432000000.0,0.29645,1196122385640.0,39.50563,241013000000.0,383432000000.0
PEA.TO,Pieridae Energy Ltd,64.36442,,29.4224,,52400180.0,-0.23545,83232187.5,0.2108,47661883.0,52400180.0
ENER.KW,Energy House Holding Company KSCP,3.46885,,,,92785350.0,-0.20619,79500000.0,4.16811,68189514.0,92785350.0
PGN.WA,Polskie Gornictwo Naftowe i Gazownictwo SA,75.48661,,7.53425,,38840000000.0,0.13805,24072000000.0,19.87595,25144000000.0,38840000000.0
SHEL.L,Shell PLC,45.06451,,44.01995,,337474000000.0,0.1618,235142479601.154,23.23931,158480000000.0,337474000000.0
ECHOE.L,Echo Energy PLC,62.02601,,,,26245873.13212,-0.15557,23926563.1690481,,23009693.5039,26245873.13212
DANA.AD,Dana Gas PJSC,31.20653,,37.83784,,3307000000.0,-0.14478,808892557.449357,1.16906,2220000000.0,3307000000.0
ROSN.MM,NK Rosneft' PAO,68.46665,,21.17647,,3463000000000.0,0.21198,2267798089281.66,36.45437,2068000000000.0,3463000000000.0
GALP.LS,Galp Energia SGPS SA,40.95787,,25.21862,,10155417000.0,1.19128,8775927356.98,129.2748,2885483000.0,10155417000.0
GSP.MI,Gas Plus SpA,16.44562,,1596.58793,,730249000.0,0.78518,222302619.0,84.32472,192654000.0,730249000.0
INAI.ZA,INA dd,65.83617,,24.11616,,30825000000.0,0.63453,38000000000.0,65.79882,14375000000.0,30825000000.0
601857.SS,PetroChina Co Ltd,71.53278,,20.76722,,1917528000000.0,0.23697,1742470637628.72,29.63616,1002885000000.0,1917528000000.0
ECO.CN,Ecopetrol SA,49.27986,,33.6516,,92277386000000.0,0.01201,170591640558420.0,15.45722,54688855000000.0,92277386000000.0
CVE.TO,Cenovus Energy Inc,68.505,,33.03126,,22194000000.0,0.58048,25491421651.76,63.31065,9406000000.0,22194000000.0
NIIS.BEL,NIS ad Novi Sad,55.3266,,-2.26172,,233554050000.0,0.10295,98651542000.0,42.53901,87607849000.0,233554050000.0
IOG.L,Iog PLC,,,,,14702921.0,-0.00888,,0.0,13291508.0,14702921.0
RNFT.MM,NK Russneft' PAO,0.01663,,,,262581565000.0,5.6846,,573.11161,30936381000.0,262581565000.0
UNTC.PK,Unit Corp,90.34645,,38.60007,,3256720000.0,0.16286,2234193964.8,16.32857,1947017000.0,3256720000.0
XOM.N,Exxon Mobil Corp,65.9641,,40.71263,,302510000000.0,0.04707,368711734643.52,9.8337,146839000000.0,302510000000.0
TTEF.PA,TotalEnergies SE,38.24434,,48.62372,,192252023276.035,0.2406,124560186462.778,49.6744,80815998929.8375,192252023276.035
BP.L,BP PLC,72.8012,,,,272262000000.0,0.2633,136537814601.644,47.27868,94987000000.0,272262000000.0
CVX.N,Chevron Corp,56.55927,,40.3026,,184769000000.0,-0.05287,183634100077.5,10.84575,105081000000.0,184769000000.0
TTLC.CI,Total Cote d'Ivoire SA,18.28279,,26.74546,,56359000000.0,-0.06554,52254979920.0,5.72373,27220000000.0,56359000000.0
OXY.N,Occidental Petroleum Corp,69.68264,,40.69846,,52432000000.0,0.07798,79714667764.8,15.7339,32484000000.0,52432000000.0
GAZP.MM,Gazprom PAO,59.4027,,21.86108,,9235993000000.0,0.13268,4583665567698.0,20.12507,6249751000000.0,9235993000000.0
MOLB.BU,MOL Magyar Olajes Gazipari Nyrt,59.87399,,36.79759,,4485729000000.0,0.46733,2172939282360.0,62.59389,1435070000000.0,4480620000000.0
MGMC.OM,Muscat Gases Company SAOG,24.87106,,11.46476,,9691792.0,-0.40945,22912213.5004278,,8184217.0,9691792.0
IMO.TO,Imperial Oil Ltd,154.56754,,25.18619,,20580000000.0,0.0909,34396925267.38,11.47893,11177000000.0,21689000000.0
SU.TO,Suncor Energy Inc,98.92868,,42.56668,,68607000000.0,0.31979,59861660515.8,35.03921,35192000000.0,68607000000.0
ENI.MI,Eni SpA,51.11785,,54.15589,,131860000000.0,0.4639,65447564033.84,49.85465,51206000000.0,131860000000.0
600028.SS,China Petroleum & Chemical Corp,63.18662,,24.79497,,985389000000.0,0.43205,669424407204.735,47.21217,421127000000.0,985389000000.0
600617.SS,Shanxi Guoxin Energy Corp Ltd,3.65761,,0.0,,60632012.75,,1479923857.8648,,-75918549.83,60632012.75
PETR4.SA,Petroleo Brasileiro SA Petrobras,54.19312,,25.10479,,516845748000.0,0.19637,380246721722.62,37.42303,306765182000.0,516845748000.0
OMVV.VI,OMV AG,58.41134,,38.07505,,26418932000.0,0.41597,9330000000.0,53.15364,9003954000.0,27314456000.0
REP.MC,Repsol SA,49.65918,,26.04276,,67631000000.0,0.57373,25455003203.55,84.70264,24250000000.0,68442000000.0
LKOH.MM,NK Lukoil PAO,65.02136,,20.49695,,2568567724000.0,0.14525,1473192568925.1,18.77936,1809770684000.0,2568567724000.0
ONGC.NS,Oil and Natural Gas Corporation Ltd,56.14796,,33.48069,,1930688690000.0,0.01101,2481947683812.0,5.71467,1153272460000.0,1930688690000.0
YPFD.BA,YPF SA,123.96059,,35.80931,,46589000000.0,0.27637,78859215016.55,40.90861,19040000000.0,46589000000.0
SNGS.MM,Surgutneftegaz PAO,38.22199,,19.12077,,1436610000000.0,-0.21236,1272662391605.18,0.03944,1354093000000.0,1436610000000.0
SIBN.MM,Gazprom Neft' PAO,50.41332,,19.65412,,998542664000.0,0.25749,608166504694.53,31.70882,576496204000.0,998542664000.0
YAKG.MM,Yakutskaya Toplivno-Energeticheskaya Kompaniya PAO,67.75341,,28.30466,,6550016000.0,0.32818,3136016587.52389,37.19573,4018394000.0,6550016000.0
600256.SS,Guanghui Energy Co Ltd,54.50767,,25.06677,,12682617178.0,1.0263,51928945671.33,118.46756,3867173722.0,12682617178.0
EQNR.OL,Equinor ASA,54.65568,,72.48549,,110498471263.183,0.33525,75114978665.4089,49.24912,37703115874.8154,110498471263.183
ROSNP.BX,OMV Petrom SA,68.39342,,15.95466,,34765260000.0,0.11701,18975776292.225,21.05841,18485580000.0,34765260000.0
PTT.BK,PTT PCL,43.06859,,25.06965,,1229109195675.0,0.41259,910661288000.0,69.52961,480703836342.0,1229109195675.0
ELIr.AT,Elinoil Hellenic Petroleum Company SA,26.55534,,42.159,,146448979.0,1.06531,31453131.6,118.79077,49541520.0,146448979.0
NVTK.MM,Novatek PAO,64.66356,,21.15031,,285173000000.0,0.36945,1019500465620.0,43.0465,147119000000.0,285173000000.0
PEA.TO,Pieridae Energy Ltd,65.70721,,,,40536750.0,-0.17681,82498547.2,6.90719,34103341.0,40536750.0
ENER.KW,Energy House Holding Company KSCP,33.71963,,41.35876,,113066442.0,-0.56009,135000000.0,12.60936,74980543.0,113066442.0
PGN.WA,Polskie Gornictwo Naftowe i Gazownictwo SA,76.27938,,16.31127,,33642407000.0,0.03587,21063000000.0,9.46376,23506046000.0,33642407000.0
SHEL.L,Shell PLC,44.2194,,42.0722,,322856000000.0,0.20582,206839874754.39,29.5397,148309000000.0,322856000000.0
ECHOE.L,Echo Energy PLC,50.93585,,,,28212630.00786,-0.2282,57251075.043205,,24705109.19089,28212630.00786
DANA.AD,Dana Gas PJSC,32.35568,,62.55924,,3221160390.97171,-0.07782,1329739442.94699,0.0,2166135751.04141,3221160390.97171
ROSN.MM,NK Rosneft' PAO,68.02653,,16.15599,,3015000000000.0,0.21329,2317821488577.9,40.20101,1759000000000.0,3015000000000.0
GALP.LS,Galp Energia SGPS SA,39.22926,,26.64399,,9147515000.0,1.07245,11058593875.14,114.48074,2613209000.0,9147515000.0
GSP.MI,Gas Plus SpA,12.20764,,,,913813000.0,1.11954,178515739.5,118.25758,200957000.0,913813000.0
INAI.ZA,INA dd,69.82485,,27.54173,,31231000000.0,0.77683,31747200000.0,80.16103,12791000000.0,31231000000.0
601857.SS,PetroChina Co Ltd,75.0247,,20.35953,,1650531000000.0,0.18046,1998517297570.84,23.21481,939043000000.0,1650531000000.0
ECO.CN,Ecopetrol SA,49.49995,,28.18027,,68769356000000.0,0.11619,165937301610800.0,21.31548,41328181000000.0,68769356000000.0
CVE.TO,Cenovus Energy Inc,67.2379,,17.10123,,19840000000.0,0.72627,25000028884.48,76.20012,8395000000.0,19840000000.0
NIIS.BEL,NIS ad Novi Sad,56.66488,,-36.17414,,178107989000.0,0.75242,77453690000.0,103.20211,47006795000.0,178107989000.0
IOG.L,Iog PLC,,,,,,,,,,
RNFT.MM,NK Russneft' PAO,0.01801,,,,269586464000.0,4.27724,,556.96063,34759172000.0,269586464000.0
UNTC.PK,Unit Corp,89.90391,,38.24999,,2669240000.0,0.09686,2226083372.8,9.76554,1710617000.0,2669240000.0
XOM.N,Exxon Mobil Corp,59.62378,,43.47414,,233323000000.0,-0.01089,323717280685.44,8.3238,110569000000.0,233323000000.0
TTEF.PA,TotalEnergies SE,40.38261,,47.3199,,182890969478.326,0.27005,151215567793.871,49.36775,75233350512.5122,182890969478.326
BP.L,BP PLC,82.74427,,33.29486,,235968000000.0,0.25744,181819195493.021,33.91047,101613000000.0,235968000000.0
CVX.N,Chevron Corp,58.60006,,42.98899,,164621000000.0,0.01828,154462561155.58,11.359,91914000000.0,164621000000.0
TTLC.CI,Total Cote d'Ivoire SA,15.78772,,21.42024,,59920000000.0,-0.25885,46944168960.0,3.64801,29194000000.0,59920000000.0
OXY.N,Occidental Petroleum Corp,70.39951,,40.94879,,44229000000.0,0.05391,66029129404.55,9.58881,29081000000.0,44229000000.0
GAZP.MM,Gazprom PAO,58.54343,,,,8368528000000.0,0.23432,4337224298409.0,28.77629,5326515000000.0,8368528000000.0
MOLB.BU,MOL Magyar Olajes Gazipari Nyrt,61.31144,,47.03296,,4167607000000.0,0.50907,1776814228000.0,60.55986,1299141000000.0,4167607000000.0
MGMC.OM,Muscat Gases Company SAOG,36.06737,,11.86214,,6884458.0,-0.22584,12075000.0,,5536086.0,6884458.0
IMO.TO,Imperial Oil Ltd,73.55348,,28.22727,,17473000000.0,-0.03952,34463416000.0,1.48321,9439000000.0,17617000000.0
SU.TO,Suncor Energy Inc,77.70768,,15.01057,,69746000000.0,0.40981,58027491195.06,42.46138,34111000000.0,69746000000.0
ENI.MI,Eni SpA,50.85128,,55.95958,,117529000000.0,0.45641,71295387992.8,49.54946,46073000000.0,117529000000.0
600028.SS,China Petroleum & Chemical Corp,68.23686,,22.7506,,886896000000.0,0.59288,1087285203857.77,61.75212,380461000000.0,886896000000.0
600617.SS,Shanxi Guoxin Energy Corp Ltd,26.91404,,,,51096000.0,,1011259561.66661,,-69761000.0,51096000.0
PETR4.SA,Petroleo Brasileiro SA Petrobras,64.80228,,24.68876,,350418897000.0,0.43953,347084678416.84,61.38692,164316477000.0,350418897000.0
OMVV.VI,OMV AG,62.52482,,39.33735,,21415213000.0,0.31885,9220295812.19365,38.61287,8393415000.0,21797446000.0
REP.MC,Repsol SA,54.92141,,39.48288,,58083000000.0,0.82905,22860668344.675,96.94632,20075000000.0,58878000000.0
LKOH.MM,NK Lukoil PAO,66.0955,,22.00154,,2395144909000.0,0.15917,1442104481954.85,20.08372,1697143201000.0,2405480960000.0
ONGC.NS,Oil and Natural Gas Corporation Ltd,53.19115,,35.19485,,1747091310000.0,-0.08082,2349551474205.0,6.44501,1014066410000.0,1747091310000.0
YPFD.BA,YPF SA,70.42796,,37.54867,,39747000000.0,0.26405,63716672482.2,38.52325,17701000000.0,39747000000.0
SNGS.MM,Surgutneftegaz PAO,40.95802,,19.8138,,1315564000000.0,-0.32794,1070952372166.15,0.00169,1241456000000.0,1315564000000.0
SIBN.MM,Gazprom Neft' PAO,47.72666,,20.79183,,906662632000.0,0.28927,775866272925.96,33.82109,489552961000.0,906662632000.0
YAKG.MM,Yakutskaya Toplivno-Energeticheskaya Kompaniya PAO,74.05824,,49.1709,,5794545000.0,0.32083,3007770381.075,33.66136,3304667000.0,5794545000.0
600256.SS,Guanghui Energy Co Ltd,34.10655,,24.00274,,9209683000.0,0.41604,21816082773.0,63.58546,3224886000.0,9209683000.0
EQNR.OL,Equinor ASA,60.82713,,84.58359,,97197500604.1357,0.36769,79647421168.6045,52.02531,34231884558.2905,97197500604.1357
ROSNP.BX,OMV Petrom SA,156.33265,,28.74441,,30526626000.0,0.13356,14104382975.415,18.53327,16179530000.0,30526623000.0
PTT.BK,PTT PCL,46.12912,,32.66002,,1102544167167.0,0.49989,697111066950.0,72.64698,429179941373.0,1102544167167.0
ELIr.AT,Elinoil Hellenic Petroleum Company SA,26.54114,,24.83737,,140027414.0,1.00982,54328136.4,120.16747,49738409.0,140027414.0
NVTK.MM,Novatek PAO,82.71732,,20.85538,,193639000000.0,0.20362,516475650600.0,28.25465,114301000000.0,193639000000.0
PEA.TO,Pieridae Energy Ltd,13.11762,,,,30994857.0,-0.01729,24282634.195,8.43171,26605625.0,30994857.0
ENER.KW,Energy House Holding Company KSCP,38.27021,,,,112342807.0,-0.21246,175500000.0,27.03104,64615552.0,112342807.0
PGN.WA,Polskie Gornictwo Naftowe i Gazownictwo SA,73.65852,,16.60631,,31074364000.0,0.03846,22361000000.0,9.46178,21424851000.0,31074364000.0
SHEL.L,Shell PLC,45.04708,,39.49572,,292181000000.0,0.18326,185990462684.959,25.36142,136431000000.0,292181000000.0
ECHOE.L,Echo Energy PLC,30.29333,,,,37524543.88323,-0.23968,47905358.5557903,,33323802.89354,37524543.88323
DANA.AD,Dana Gas PJSC,30.67006,,66.66667,,3104528003.92082,-0.10584,1535654967.73491,,2090015519.91723,3104528003.92082
ROSN.MM,NK Rosneft' PAO,72.77064,,26.88679,,2725000000000.0,0.38086,2670528846327.66,47.06271,1491000000000.0,2725000000000.0
GALP.LS,Galp Energia SGPS SA,35.2468,,21.84283,,7488872000.0,0.83694,9315747141.68,94.3729,2273009000.0,7488872000.0
GSP.MI,Gas Plus SpA,19.66339,,42.14051,,409619000.0,0.17876,274622326.3,21.47738,221354000.0,409619000.0
INAI.ZA,INA dd,70.82183,,,,30067000000.0,0.69166,16500000000.0,72.27782,11784000000.0,30067000000.0
601857.SS,PetroChina Co Ltd,74.40486,,23.88904,,1445927000000.0,0.16283,2410886072117.26,26.00486,847782000000.0,1445927000000.0
ECO.CN,Ecopetrol SA,50.28461,,29.15563,,55559517000000.0,0.06347,100574193781180.0,18.35632,32569957000000.0,55559517000000.0
CVE.TO,Cenovus Energy Inc,70.73278,,31.78947,,21616593600.0,0.6756,19908742635.5,69.17211,9655524000.0,21616593600.0
NIIS.BEL,NIS ad Novi Sad,63.14322,,,,144701351000.0,1.36849,,166.78162,32019877000.0,144701351000.0
RNFT.MM,NK Russneft' PAO,17.57205,,24.144,,310272336000.0,1.70791,,181.7979,67031585000.0,310272336000.0
UNTC.PK,Unit Corp,90.36052,,,,2228399000.0,0.01926,2019598682.5,1.99922,1565810000.0,2228399000.0
XOM.N,Exxon Mobil Corp,53.20979,,43.80253,,228052000000.0,-0.19215,397234080000.0,8.01971,112965000000.0,228052000000.0
TTEF.PA,TotalEnergies SE,39.00093,,56.36081,,165373701793.377,0.22833,128922381085.587,47.87387,68481010888.8609,165373701793.377
BP.L,BP PLC,80.24737,,36.8025,,228238000000.0,0.27149,144094077038.54,36.04859,91303000000.0,228238000000.0
CVX.N,Chevron Corp,56.94785,,44.18794,,161165000000.0,-0.00756,150291558448.85,10.21729,86648000000.0,161165000000.0
TTLC.CI,Total Cote d'Ivoire SA,16.5087,,19.68162,,54232000000.0,-0.30883,56665440000.0,3.61913,29427000000.0,54232000000.0
OXY.N,Occidental Petroleum Corp,77.68014,,40.76737,,41537000000.0,0.0355,48584534427.8,10.05306,27300000000.0,41537000000.0
GAZP.MM,Gazprom PAO,56.08543,,,,7168568000000.0,0.2032,2556739393200.0,27.7959,4605115000000.0,7168568000000.0
MOLB.BU,MOL Magyar Olajes Gazipari Nyrt,48.59391,,10.59396,,2916413000000.0,0.55983,1031597437080.0,74.01738,1112981000000.0,2916413000000.0
MGMC.OM,Muscat Gases Company SAOG,35.73412,,13.54167,,6123000.0,-0.25098,12558000.0,,4861000.0,6123000.0
IMO.TO,Imperial Oil Ltd,66.02876,,26.49735,,17035000000.0,-0.20199,35372361490.0,1.5775,9065000000.0,17035000000.0
SU.TO,Suncor Energy Inc,88.7912,,31.84943,,32528000000.0,0.49756,22184746720.0,54.30008,14523000000.0,32528000000.0
ENI.MI,Eni SpA,50.78724,,50.34805,,116673000000.0,0.32286,67049707584.24,42.95403,44436000000.0,116673000000.0
600028.SS,China Petroleum & Chemical Corp,69.96752,,-12.92168,,763297000000.0,0.70556,560134807318.494,72.77206,329300000000.0,763297000000.0
600617.SS,Shanxi Guoxin Energy Corp Ltd,12.90241,,,,118722000.0,,541338782.7078,,-22407000.0,118722000.0
PETR4.SA,Petroleo Brasileiro SA Petrobras,63.53386,,34.06292,,292275006000.0,0.34959,223990977891.2,46.33937,140787451000.0,292275006000.0
OMVV.VI,OMV AG,98.08713,,33.78529,,21375983000.0,0.35309,5652582458.70734,42.50665,7762248000.0,23241591000.0
REP.MC,Repsol SA,53.1836,,40.97314,,49064000000.0,0.437,18435038291.3,59.89958,19942000000.0,50538000000.0
LKOH.MM,NK Lukoil PAO,70.09138,,27.31212,,2181347025000.0,0.1385,820887103033.05,19.22956,1536628500000.0,2181347025000.0
ONGC.NS,Oil and Natural Gas Corporation Ltd,49.48757,,35.3209,,1619838640000.0,-0.09148,1667678911641.0,7.54805,922235000000.0,1619838640000.0
YPFD.BA,YPF SA,72.95539,,37.20219,,38418000000.0,0.17198,62930046896.0186,23.60723,18973000000.0,38418000000.0
SNGS.MM,Surgutneftegaz PAO,42.63541,,25.0785,,1208180023000.0,-0.34801,638085659638.315,0.02411,1147447016000.0,1208180023000.0
SIBN.MM,Gazprom Neft' PAO,45.68671,,23.76238,,616757625000.0,0.10461,295951923466.38,26.19149,426159525000.0,616757625000.0
YAKG.MM,Yakutskaya Toplivno-Energeticheskaya Kompaniya PAO,65.21336,,152.12125,,6489784000.0,0.40214,1262085696.09375,40.67746,3883888000.0,6489784000.0
600256.SS,Guanghui Energy Co Ltd,13.84199,,17.26648,,6023912000.0,0.28034,7898478554.4,34.49571,3066150000.0,6023912000.0
EQNR.OL,Equinor ASA,56.94936,,76.02332,,83392078095.9786,0.21715,51830532171.438,34.8527,30823578535.1245,83392078095.9786
ROSNP.BX,OMV Petrom SA,129.14342,,20.66516,,28917311000.0,-0.04631,10252583608.635,11.43991,15944879000.0,28917311000.0
PTT.BK,PTT PCL,42.32006,,39.4489,,885192780000.0,0.36492,494209909375.0,57.86892,383578551000.0,885192780000.0
ELIr.AT,Elinoil Hellenic Petroleum Company SA,27.40799,,21.28038,,139646000.0,1.7934,57152000.0,206.32955,35121000.0,139646000.0
NVTK.MM,Novatek PAO,77.0469,,19.80482,,139907000000.0,0.15816,147139388760.0,27.1906,96069000000.0,139907000000.0
PEA.TO,Pieridae Energy Ltd,10.33916,,,,24024439.0,-0.01772,37231939.29,,21448923.0,24024439.0
ENER.KW,Energy House Holding Company KSCP,,,,,,,187500000.0,,,
PGN.WA,Polskie Gornictwo Naftowe i Gazownictwo SA,69.21108,,7.4435,,29745277000.0,-0.02489,18540000000.0,4.40632,20706895000.0,29745277000.0
SHEL.L,Shell PLC,39.67337,,47.9024,,282401000000.0,0.06271,160982066088.749,18.05674,127285000000.0,282401000000.0
ECHOE.L,Echo Energy PLC,0.28562,,1.12528,,38698923.1976,-0.40395,62418673.3580546,,35053127.00563,38698923.1976
DANA.AD,Dana Gas PJSC,27.74588,,53.48837,,2939991287.30124,-0.11439,947505989.980396,0.0,1965258113.70072,2939991287.30124
ROSN.MM,NK Rosneft' PAO,38.06082,,33.47306,,1519906820000.0,1.35058,1175337919905.3,156.55522,487708600000.0,1519906820000.0
GALP.LS,Galp Energia SGPS SA,41.6751,,21.26481,,6623000000.0,0.83858,5537008648.78,89.72061,2193844000.0,6623000000.0
GSP.MI,Gas Plus SpA,33.86643,,57.46387,,440259000.0,0.07836,343109496.8,11.22502,215619000.0,440259000.0
INAI.ZA,INA dd,64.03262,,33.58491,,26613000000.0,0.5454,11499700000.0,59.35034,12027000000.0,26613000000.0
601857.SS,PetroChina Co Ltd,75.67425,,21.8168,,1190738000000.0,0.09532,1772865519415.03,14.96336,791691000000.0,1190738000000.0
ECO.CN,Ecopetrol SA,33.12267,,27.36822,,48702412000000.0,-0.15998,81146922308265.0,0.82179,34619717000000.0,48702412000000.0
CVE.TO,Cenovus Energy Inc,66.39229,,23.44003,,22463889000.0,0.78033,,80.00774,9425442000.0,22463889000.0
NIIS.BEL,NIS ad Novi Sad,62.17107,,,,161193607000.0,0.7603,,85.67709,69633845000.0,161193607000.0
RNFT.MM,NK Russneft' PAO,26.80836,,26.05151,,205766805000.0,1.23132,,128.85185,49292319000.0,205766805000.0
UNTC.PK,Unit Corp,85.27367,,36.33051,,2581866000.0,0.12597,1262749070.56,12.63316,1633099000.0,2581866000.0
XOM.N,Exxon Mobil Corp,49.92895,,41.7801,,242082000000.0,-0.19782,511887083869.35,7.58941,121762000000.0,242082000000.0
TTEF.PA,TotalEnergies SE,36.52161,,50.07377,,165644467138.376,0.2577,198381674339.222,41.63895,65443139543.3657,165644467138.376
BP.L,BP PLC,95.88946,,33.03281,,236076000000.0,0.29036,230967471230.128,32.7991,93690000000.0,236076000000.0
CVX.N,Chevron Corp,52.83427,,41.76427,,148786000000.0,-0.01115,197060874486.93,9.35673,77088000000.0,148786000000.0
TTLC.CI,Total Cote d'Ivoire SA,17.40195,,20.76433,,59637000000.0,-0.20727,39476923200.0,3.4044,31283000000.0,59637000000.0
OXY.N,Occidental Petroleum Corp,71.95706,,40.88366,,36519000000.0,-0.0077,63793632678.54,7.82221,22823000000.0,36519000000.0
GAZP.MM,Gazprom PAO,51.3868,,,,6792556000000.0,0.25909,8117174103152.0,35.02096,3950789000000.0,6792556000000.0
MOLB.BU,MOL Magyar Olajes Gazipari Nyrt,48.51508,,23.77678,,2432757000000.0,0.55082,2686487238885.0,69.18901,792164000000.0,2432757000000.0
MGMC.OM,Muscat Gases Company SAOG,35.21564,,11.51936,,5472000.0,-0.36973,7969500.0,,4341000.0,5472000.0
IMO.TO,Imperial Oil Ltd,64.84313,,27.19799,,16287000000.0,-0.13404,49547277504.68,1.84274,7923000000.0,16287000000.0
SU.TO,Suncor Energy Inc,85.4584,,15.94815,,24509000000.0,0.33726,49914117754.38,38.50874,11896000000.0,24509000000.0
ENI.MI,Eni SpA,49.97043,,46.03056,,101460000000.0,0.34542,100334239843.8,46.25936,40428000000.0,101460000000.0
600028.SS,China Petroleum & Chemical Corp,64.471,,29.61982,,729863000000.0,0.55355,1823412747170.72,57.86311,308045000000.0,729863000000.0
600617.SS,Shanxi Guoxin Energy Corp Ltd,9.105,,0.0,,185865000.0,1.46975,2706610041.04133,149.64726,26373000.0,185865000.0
PETR4.SA,Petroleo Brasileiro SA Petrobras,60.52072,,31.71915,,231227800000.0,0.20512,429922974863.2,31.88062,113854127000.0,231227800000.0
OMVV.VI,OMV AG,87.85327,,23.60317,,21249512000.0,0.20071,16769610200.4179,32.22047,8446506000.0,23779559000.0
REP.MC,Repsol SA,50.1993,,41.06798,,47164000000.0,0.47465,29764651227.94,62.25935,18620000000.0,48599000000.0
LKOH.MM,NK Lukoil PAO,63.81808,,26.50019,,1465128424000.0,0.14726,1758199304410.5,16.85331,1012582803500.0,1465128424000.0
ONGC.NS,Oil and Natural Gas Corporation Ltd,49.09787,,34.60406,,1307376510000.0,-0.21749,2098982557315.5,1.79235,780866130000.0,1307376510000.0
YPFD.BA,YPF SA,66.7524,,40.29807,,38102000000.0,0.00549,51130663103.0,3.81427,26060000000.0,38102000000.0
SNGS.MM,Surgutneftegaz PAO,43.04258,,29.48329,,1045175310000.0,-0.15644,1173718642346.46,0.02026,972650646000.0,1045175310000.0
SIBN.MM,Gazprom Neft' PAO,41.32699,,24.09307,,408074825500.0,0.25882,725418844767.0,32.79034,256333593500.0,408074825500.0
YAKG.MM,Yakutskaya Toplivno-Energeticheskaya Kompaniya PAO,50.62406,,,,4137078000.0,0.33976,,36.38719,1634009000.0,4137078000.0
600256.SS,Guanghui Energy Co Ltd,27.94666,,18.97327,,4541111000.0,0.28362,16957479177.1,50.83964,2360603000.0,4541111000.0
EQNR.OL,Equinor ASA,57.61955,,69.59288,,88889175115.4617,0.16149,99624958016.4907,28.22407,32619095810.2563,88889175115.4618
ROSNP.BX,OMV Petrom SA,62.75695,,17.28603,,21161034000.0,-0.05709,28152121842.495,,13184118000.0,21362645537.0
PTT.BK,PTT PCL,35.34881,,27.1047,,891524050000.0,0.36675,1059182835000.0,57.04081,361496757000.0,891524050000.0
ELIr.AT,Elinoil Hellenic Petroleum Company SA,24.8348,,,,148814000.0,2.15694,97384000.0,231.43859,33936000.0,148814000.0
NVTK.MM,Novatek PAO,78.86511,,26.52517,,103975000000.0,0.03202,561109348800.0,8.06972,81335000000.0,103975000000.0
PEA.TO,Pieridae Energy Ltd,8.51309,,,,26831052.0,0.0,30685664.25,,22194109.0,26831052.0
ENER.KW,Energy House Holding Company KSCP,28.35408,,3.35508,,8676000.0,0.01535,19524477.9984755,29.17286,6057000.0,8676000.0
PGN.WA,Polskie Gornictwo Naftowe i Gazownictwo SA,65.89527,,8.64272,,28401901000.0,-0.06983,26265000000.0,0.65694,21013076000.0,28401901000.0
SHEL.L,Shell PLC,37.67432,,36.8752,,269470000000.0,0.06702,264763749084.598,14.36793,123960000000.0,269470000000.0
DANA.AD,Dana Gas PJSC,22.13417,,60.49822,,2955337690.63181,-0.27888,3643790849.6732,0.01407,1935457516.33987,2955337690.63181
ROSN.MM,NK Rosneft' PAO,34.19791,,32.36181,,1409088600000.0,1.62637,2479515089612.93,176.84711,362890230000.0,1409088600000.0
GALP.LS,Galp Energia SGPS SA,37.14455,,25.57652,,5674415000.0,0.30679,11391101727.84,35.46144,2347972000.0,5674415000.0
GSP.MI,Gas Plus SpA,33.17689,,38.825,,402714000.0,-0.00045,318548976.0,9.86854,218746000.0,402714000.0
INAI.ZA,INA dd,-17.18173,,22.16809,,24916000000.0,0.30807,27860000000.0,36.08444,13634000000.0,24806000000.0
601857.SS,PetroChina Co Ltd,72.84908,,24.42478,,1053548000000.0,-0.02726,5287788366890.32,9.08176,740390000000.0,1053548000000.0
ECO.CN,Ecopetrol SA,23.44706,,26.68692,,48112080000000.0,-0.36186,183743183440000.0,0.01331,26808467000000.0,48112080000000.0
CVE.TO,Cenovus Energy Inc,63.47263,,23.15271,,20911446800.0,0.85413,,89.18446,7978174800.0,20911446800.0
NIIS.BEL,NIS ad Novi Sad,61.57241,,36.41394,,165162240000.0,0.22641,,28.50641,82571630000.0,165162240000.0
RNFT.MM,NK Russneft' PAO,23.96567,,98.39124,,198995982000.0,1.65549,,182.41478,33347443000.0,198995982000.0
UNTC.PK,Unit Corp,86.88688,,35.59484,,2199819000.0,0.0833,2145145901.25,8.40525,1434817000.0,2199819000.0
XOM.N,Exxon Mobil Corp,51.90832,,41.3964,,219015000000.0,-0.16912,446943589540.35,7.09489,113844000000.0,219015000000.0
TTEF.PA,TotalEnergies SE,38.56191,,53.05491,,138851427138.729,0.31946,174872902372.626,47.5017,53207268312.6377,138851427138.729
BP.L,BP PLC,72.07642,,35.59552,,217601000000.0,0.25063,218825978845.393,28.09337,84624000000.0,217601000000.0
CVX.N,Chevron Corp,51.91815,,46.40355,,132628000000.0,-0.02326,160294116680.91,14.22828,68935000000.0,132628000000.0
TTLC.CI,Total Cote d'Ivoire SA,21.20804,,35.58813,,57846000000.0,-0.09253,33054840000.0,3.5614,29904000000.0,57846000000.0
OXY.N,Occidental Petroleum Corp,74.42879,,44.81561,,32431000000.0,0.06177,41070092509.51,14.23179,19252000000.0,32431000000.0
GAZP.MM,Gazprom PAO,57.15651,,,,5309925000000.0,0.20995,7170470322281.0,32.21346,3188458000000.0,5309925000000.0
MOLB.BU,MOL Magyar Olajes Gazipari Nyrt,47.63343,,10.50593,,2165332000000.0,-0.14724,2361523615200.0,16.67177,1079666000000.0,2165332000000.0
MGMC.OM,Muscat Gases Company SAOG,40.19351,,8.96552,,4961000.0,-0.35676,5313000.0,,4056000.0,4961000.0
IMO.TO,Imperial Oil Ltd,64.78533,,25.7561,,16141000000.0,-0.09735,41070012158.34,19.40319,7406000000.0,16141000000.0
SU.TO,Suncor Energy Inc,86.14532,,21.80669,,18759000000.0,0.20655,42198965318.42,26.47453,8952000000.0,18759000000.0
ENI.MI,Eni SpA,50.88889,,51.82679,,88312000000.0,0.16362,102056544160.48,28.39389,39029000000.0,88312000000.0
600028.SS,China Petroleum & Chemical Corp,66.23971,,29.71492,,602720000000.0,0.63213,758948852267.915,65.94452,259382000000.0,602720000000.0
600617.SS,Shanxi Guoxin Energy Corp Ltd,10.18884,,0.0,,284625000.0,1.55875,938673384.15654,162.07981,16547000.0,284625000.0
PETR4.SA,Petroleo Brasileiro SA Petrobras,54.19593,,29.29748,,210538129000.0,0.14529,230371510347.68,41.96437,97530648000.0,210538129000.0
OMVV.VI,OMV AG,87.76868,,23.48004,,17804018000.0,0.03693,12848171489.0428,24.23641,7266370000.0,19083180000.0
REP.MC,Repsol SA,51.93469,,39.87069,,45201000000.0,0.54074,31986622730.6,69.83705,18042000000.0,45201000000.0
LKOH.MM,NK Lukoil PAO,64.92112,,26.82596,,1269597840000.0,0.16121,1945238164185.0,18.50223,865928000000.0,1274546000000.0
ONGC.NS,Oil and Natural Gas Corporation Ltd,51.66818,,35.48255,,1161095480000.0,-0.19917,1878250912219.5,2.38687,667135740000.0,1161095480000.0
YPFD.BA,YPF SA,63.60683,,38.5919,,35394000000.0,0.01373,56814726659.4353,5.8237,24469000000.0,35394000000.0
SNGS.MM,Surgutneftegaz PAO,44.57957,,27.45343,,947698281000.0,-0.22306,1663456114914.65,0.14239,894097835000.0,947698281000.0
SIBN.MM,Gazprom Neft' PAO,39.58661,,24.57767,,371167745760.0,0.02389,568908543683.61,16.83657,261365469680.0,371167745760.0
YAKG.MM,Yakutskaya Toplivno-Energeticheskaya Kompaniya PAO,,,788.75717,,4599409000.0,0.82927,861695661.75,87.55037,1183087000.0,4599409000.0
600256.SS,Guanghui Energy Co Ltd,26.66566,,2.44507,,4101833000.0,0.37615,4832621747.1,47.19609,2054036000.0,4101833000.0
EQNR.OL,Equinor ASA,59.31765,,69.7219,,73614266461.3015,0.27285,57430889632.8697,32.3316,26927384161.2117,73614266461.3015
ROSNP.BX,OMV Petrom SA,58.43638,,10.23802,,19459491000.0,-0.28001,32003921209.275,0.0,12324705000.0,19622043012.0
PTT.BK,PTT PCL,43.76163,,23.90311,,753191868815.0,0.37484,589034381250.0,62.26079,289570579554.0,753191868815.0
ELIr.AT,Elinoil Hellenic Petroleum Company SA,41.55926,,40.85006,,138884000.0,2.08092,94000000.0,219.71026,35342000.0,138884000.0
NVTK.MM,Novatek PAO,79.13811,,26.74929,,84326000000.0,-0.03728,505865582913.6,4.5256,68320000000.0,84326000000.0
PEA.TO,Pieridae Energy Ltd,13.17426,,,,12736957.0,-0.38143,13435795.92,0.40727,7782006.0,12736957.0
ENER.KW,Energy House Holding Company KSCP,34.34739,,2.86041,,6903000.0,-0.05954,8089620.0,13.75921,5291000.0,6903000.0
PGN.WA,Polskie Gornictwo Naftowe i Gazownictwo SA,61.16059,,15.53012,,30676707000.0,-0.05223,21240000000.0,11.61738,21145689000.0,30676707000.0
SHEL.L,Shell PLC,42.92321,,41.04374,,235276000000.0,0.05891,227060825606.244,13.72221,105726000000.0,235276000000.0
ECHOE.L,Echo Energy PLC,,,,,,,31810679.5037597,,,
DANA.AD,Dana Gas PJSC,14.40888,,0.0,,1863257637.64091,-0.41664,2679227816.04814,,1855361324.40233,1863257637.64091
ROSN.MM,NK Rosneft' PAO,29.48403,,20.21068,,899906070000.0,1.14951,2189650080072.0,128.86729,325365490000.0,899906070000.0
GALP.LS,Galp Energia SGPS SA,40.43242,,21.10234,,5241809000.0,0.43104,3895916516.64,53.87352,2018137000.0,5241809000.0
GSP.MI,Gas Plus SpA,33.53584,,42.02541,,378255000.0,-0.02635,415541616.0,14.51307,214155000.0,378255000.0
INAI.ZA,INA dd,-28.06923,,20.0,,22188000000.0,0.25872,22920000000.0,30.79931,12779000000.0,22106000000.0
601857.SS,PetroChina Co Ltd,71.54614,,24.78687,,804629000000.0,0.03094,1980013595539.66,12.60777,542204000000.0,804629000000.0
ECO.CN,Ecopetrol SA,25.37556,,30.66296,,38431351000000.0,-0.16632,,0.44583,20835746000000.0,38431351000000.0
CVE.TO,Cenovus Energy Inc,,,22.95983,,,,,,,
NIIS.BEL,NIS ad Novi Sad,60.1492,,3.28613,,,0.18947,,23.82137,,
RNFT.MM,NK Russneft' PAO,20.97244,,31.13807,,200039076000.0,1.46838,,201.40005,39477997000.0,200039076000.0
UNTC.PK,Unit Corp,82.84864,,36.06284,,1874096000.0,0.15743,2242217065.5,15.79398,1158036000.0,1874096000.0
XOM.N,Exxon Mobil Corp,51.36439,,39.20783,,208335000000.0,-0.18028,349511965738.79,6.96608,111186000000.0,208335000000.0
TTEF.PA,TotalEnergies SE,38.21978,,49.7367,,125675179672.977,0.30335,154249956059.153,41.54955,48123941794.2434,125675179672.977
BP.L,BP PLC,73.39329,,29.67639,,206914000000.0,0.20061,220069011055.213,23.72562,79976000000.0,206914000000.0
CVX.N,Chevron Corp,50.6147,,44.04493,,125833000000.0,0.02745,127447724932.85,20.46886,62676000000.0,125833000000.0
TTLC.CI,Total Cote d'Ivoire SA,24.80903,,59.15388,,56814000000.0,-0.13546,25247601600.0,3.63742,29279000000.0,56814000000.0
OXY.N,Occidental Petroleum Corp,65.76911,,28.23187,,26108000000.0,0.03116,32111653280.32,18.98907,15032000000.0,26108000000.0
GAZP.MM,Gazprom PAO,64.32244,,29.81105,,4339094000000.0,0.26788,4620359512693.0,35.09564,2576417000000.0,4339094000000.0
MOLB.BU,MOL Magyar Olajes Gazipari Nyrt,54.84689,,10.52039,,2028835000000.0,0.30602,2174244186450.0,36.74156,983279000000.0,2028835000000.0
MGMC.OM,Muscat Gases Company SAOG,46.93391,,10.22099,,4615000.0,-0.3418,6900000.0,,3856000.0,4615000.0
IMO.TO,Imperial Oil Ltd,65.02375,,33.63961,,15582000000.0,-0.03347,38753238606.48,21.69456,6633000000.0,15582000000.0
SU.TO,Suncor Energy Inc,110.95122,,37.473,,15149000000.0,0.63392,33531618460.08,66.1441,5996000000.0,15149000000.0
ENI.MI,Eni SpA,53.68277,,46.77986,,83850000000.0,0.26256,93845558464.68,33.14379,36868000000.0,83850000000.0
600028.SS,China Petroleum & Chemical Corp,57.85463,,30.74558,,520572000000.0,0.6397,393064228195.476,69.98931,215623000000.0,520572000000.0
600617.SS,Shanxi Guoxin Energy Corp Ltd,16.48703,,0.0,,406089000.0,5.24601,548128203.58512,540.23027,17365000.0,406089000.0
PETR4.SA,Petroleo Brasileiro SA Petrobras,54.93884,,29.55012,,183521108000.0,0.24018,173583700075.48,52.89586,78785236000.0,183521108000.0
OMVV.VI,OMV AG,84.86398,,25.0457,,15451338000.0,-0.01633,1485246195.74871,23.66422,5916712000.0,15892552000.0
REP.MC,Repsol SA,50.9021,,41.97264,,45782000000.0,0.52847,30118701632.21,71.59619,16262000000.0,47486000000.0
LKOH.MM,NK Lukoil PAO,30.725,,27.31702,,1159470920500.0,0.11606,1451911476285.0,17.9348,770317475600.0,1159470920500.0
ONGC.NS,Oil and Natural Gas Corporation Ltd,53.791,,35.41708,,978158000000.0,-0.04043,1867260562524.0,3.91,567681000000.0,978158000000.0
YPFD.BA,YPF SA,68.14176,,38.87369,,32224000000.0,0.04094,16.1,6.4446,22546000000.0,32224000000.0
SNGS.MM,Surgutneftegaz PAO,41.38429,,23.97489,,896678369000.0,-0.13721,1310098069717.9,0.46163,843728346000.0,896678369000.0
SIBN.MM,Gazprom Neft' PAO,45.65354,,23.90263,,305769423317.4,0.15744,509737124188.89,19.73068,220021799643.2,305769423317.4
YAKG.MM,Yakutskaya Toplivno-Energeticheskaya Kompaniya PAO,52.41268,,,,5278057000.0,0.81848,684282549.1425,84.53843,1488613000.0,5278057000.0
600256.SS,Guanghui Energy Co Ltd,41.81664,,-11.38249,,4693801000.0,0.56843,3351657018.15,71.48318,1794252000.0,4693801000.0
EQNR.OL,Equinor ASA,62.51977,,65.59089,,42852969526.2104,0.18705,50327836879.9585,31.52789,15814339734.5592,42852969526.2104
ROSNP.BX,OMV Petrom SA,59.57369,,15.86059,,17813528000.0,-0.37492,26712241399.206,4.45841,10727090000.0,17918696751.0
PTT.BK,PTT PCL,60.08142,,22.37341,,649806657000.0,0.53514,632177533850.0,80.14742,230816801000.0,649806657000.0
ELIr.AT,Elinoil Hellenic Petroleum Company SA,31.03607,,29.20115,,108854000.0,1.03251,82344000.0,126.0783,36168000.0,108854000.0
NVTK.MM,Novatek PAO,83.05782,,27.09712,,78762000000.0,0.10666,207983924694.0,15.80219,57268000000.0,78762000000.0
PEA.TO,Pieridae Energy Ltd,16.79041,,,,9428000.0,-0.2221,16272729.93,0.58663,7330000.0,9428000.0
ENER.KW,Energy House Holding Company KSCP,66.96627,,3.07971,,11237000.0,-0.3927,8961000.0,2.27426,4441000.0,11237000.0
PGN.WA,Polskie Gornictwo Naftowe i Gazownictwo SA,57.71513,,16.48967,,30363665000.0,-0.0372,17870500000.0,11.8372,20760337000.0,30363665000.0
SHEL.L,Shell PLC,39.59985,,40.38638,,219516000000.0,0.01211,208369272457.113,13.18982,90924000000.0,219516000000.0
DANA.AD,Dana Gas PJSC,,,,,2357874101.50294,,7302330646.91788,,1809518623.3936,
ROSN.MM,NK Rosneft' PAO,21.0263,,27.25829,,881095900000.0,0.85517,,103.7613,305505100000.0,881095900000.0
GALP.LS,Galp Energia SGPS SA,43.05114,,21.13697,,5934272000.0,0.49396,,56.42976,2361206000.0,5934272000.0
GSP.MI,Gas Plus SpA,36.08492,,31.11205,,325715000.0,0.69024,,83.05634,111569000.0,325715000.0
INAI.ZA,INA dd,,,22.77487,,20295000000.0,0.1217,,12.17008,11777000000.0,20128000000.0
601857.SS,PetroChina Co Ltd,,,27.9875,,716153000000.0,-0.02533,1182937846772.13,14.63765,476993000000.0,716153000000.0
ECO.CN,Ecopetrol SA,,,24.12533,,32664817289000.0,-0.20134,,1.25321,13285251223000.0,32664817289000.0
CVE.TO,Cenovus Energy Inc,,,,,,,,,,
NIIS.BEL,NIS ad Novi Sad,64.68233,,,,157542342000.0,0.2444,,30.25391,93318679000.0,157542342000.0
RNFT.MM,NK Russneft' PAO,21.94806,,28.71713,,163930273000.0,2.312,,281.66698,25724789000.0,163930273000.0
UNTC.PK,Unit Corp,80.73575,,36.52252,,1456195000.0,0.18119,2538995766.79,18.23261,836962000.0,1456195000.0
