Instrument,Company Common Name,Ticker Symbol,Country of Headquarters,Credit Combined Implied Rating,Return on Capital Employed - %,PPE - Net Percentage of Total Assets,Tax Rate - Actual,"Effective Tax Rate, (%)",Tax Rate - Mean,Total Assets,Net Debt to Total Equity,Market Capitalization,Total Debt Percentage of Total Equity,Shareholders' Equity - Attributable to Parent ShHold - Total,Total Liabilities & Equity,Year
XOM.N,Exxon Mobil Corp,XOM,United States of America,A+,8.31729814003691,65.68867,24.47,24.6174,31.46375,338923000000.0,0.23359,259051954878.41,27.2303,168577000000.0,338923000000.0,2021.0
TTEF.PA,TotalEnergies SE,TTE,France,A,13.2062069172511,36.3115,36.93985,36.93985,38.12375,293458000000.0,0.28288,133963532448.071,54.82569,111736000000.0,293458000000.0,2021.0
BP.L,BP PLC,BP.,United Kingdom,A-,9.57381159001061,39.30143,60.0285,44.26348,41.152,287272000000.0,0.48172,88268433641.6762,77.16472,75463000000.0,287272000000.0,2021.0
CVX.N,Chevron Corp,CVX,United States of America,A+,8.18215828474896,62.88392,27.11,27.49665,31.79857,239535000000.0,0.18361,226213942594.65,22.41604,139067000000.0,239535000000.0,2021.0
TTLC.CI,Total Cote d'Ivoire SA,TTLC,Ivory Coast,A,,,,,,,,,,,,2021.0
OXY.N,Occidental Petroleum Corp,OXY,United States of America,BB-,6.9735047238241,80.83587,27.5,24.69636,29.275,75036000000.0,1.32105,27076108639.19,145.70276,20327000000.0,75036000000.0,2021.0
GAZP.MM,Gazprom PAO,GAZP,Russia,BBB,13.3991958674916,62.48277,,22.04098,,27047230000000.0,0.15352,8126643508312.0,30.63698,16251519000000.0,27047230000000.0,2021.0
MOLB.BU,MOL Magyar Olajes Gazipari Nyrt,MOL,Hungary,A,14.8145887801299,52.05742,7.18406,7.18406,,6494259000000.0,0.20287,2061653533975.18,34.19102,2775862000000.0,6494259000000.0,2021.0
MGMC.OM,Muscat Gases Company SAOG,MGMC,Oman,A+,1.77413962733,30.38896,,23.25434,,10825511.0,-0.19206,4920255.7970261,12.6356,6345779.0,10825511.0,2021.0
IMO.TO,Imperial Oil Ltd,IMO,Canada,A+,9.31610355042287,77.20318,24.4898,24.4898,25.2,40782000000.0,0.13908,31733789148.32,23.81412,21735000000.0,40782000000.0,2021.0
SU.TO,Suncor Energy Inc,SU,Canada,A-,12.0689187846152,80.93242,27.51,26.05027,27.15,83739000000.0,0.44106,46115782584.3,50.12837,36614000000.0,83739000000.0,2021.0
ENI.MI,Eni SpA,ENI,Italy,A-,14.3778036218641,44.3654,51.01,45.34394,49.987,137765000000.0,0.41726,44060369042.56,74.41991,44437000000.0,137765000000.0,2021.0
600028.SS,China Petroleum & Chemical Corp,600028,China,AA-,9.85585313546623,49.74649,27.14046,21.52139,23.5,1889255000000.0,0.1149,479672057251.734,35.72351,775102000000.0,1889255000000.0,2021.0
600617.SS,Shanxi Guoxin Energy Corp Ltd,600617,China,BB-,5.20812319702976,66.99402,,225.00484,,32482875023.8,4.32982,5603096891.97333,532.09447,3877928011.21,32482875023.8,2021.0
PETR4.SA,Petroleo Brasileiro SA Petrobras,PETR4,Brazil,A,20.0744744460297,71.88502,29.23371,29.23371,38.0,972951000000.0,0.68221,387861459478.0,84.1463,387329000000.0,972951000000.0,2021.0
OMVV.VI,OMV AG,OMV,Austria,BBB,17.2285975423987,34.51615,42.423,42.423,15.01143,53798000000.0,0.26273,16383447044.1633,49.34079,13022000000.0,53798000000.0,2021.0
REP.MC,Repsol SA,REP,Spain,BBB+,13.3661009534348,38.62125,44.71202,41.60314,38.29143,56254000000.0,0.23774,15939905209.108,63.57813,22414000000.0,56254000000.0,2021.0
LKOH.MM,NK Lukoil PAO,LKOH,Russia,A+,18.2537013603128,62.10176,19.8,19.79919,20.0,6864749000000.0,0.01507,4552128056340.0,16.757,4515034000000.0,6864749000000.0,2021.0
ONGC.NS,Oil and Natural Gas Corporation Ltd,ONGC,India,A-,12.3461715502822,53.57351,8.86846,8.86845,26.51429,5854493210000.0,0.38731,2061907761863.4,43.0017,2598519190000.0,5854493210000.0,2021.0
YPFD.BA,YPF SA,YPFD3,Argentina,BB+,5.5066159920215,70.9402,,101.27042,,2390068000000.0,0.82435,306134012216.35,95.84008,839892000000.0,2390068000000.0,2021.0
SNGS.MM,Surgutneftegaz PAO,SNGS,Russia,A,8.62543964335364,18.17091,,,,5841192913000.0,-0.25959,1737139650235.25,,5435155890000.0,5841192913000.0,2021.0
SIBN.MM,Gazprom Neft' PAO,SIBN,Russia,A-,15.8802167974914,62.6865,17.95,17.94786,,4960473000000.0,0.09966,2612516831166.54,32.60103,2348082000000.0,4960473000000.0,2021.0
YAKG.MM,Yakutskaya Toplivno-Energeticheskaya Kompaniya PAO,YAKG,Russia,BBB+,13.9597617174328,72.20506,,31.16788,,27192000000.0,0.62359,92573624031.25,91.19154,12295000000.0,27192000000.0,2021.0
600256.SS,Guanghui Energy Co Ltd,600256,China,BBB+,24.5935115919542,64.7764,,19.02765,,59708656125.85,1.29393,42940038609.06,139.06132,21121135036.3,59708656125.85,2021.0
EQNR.OL,Equinor ASA,EQNR,Norway,A,31.6743353543683,42.19345,72.84615,72.83693,65.27,147120000000.0,0.07585,87305423591.709,92.86337,39010000000.0,147120000000.0,2021.0
ROSNP.BX,OMV Petrom SA,SNP,Romania,A+,11.5173547430154,51.76018,15.70525,15.70525,,49969900000.0,-0.32541,28265410059.165,2.72194,34213340000.0,49969900000.0,2021.0
PTT.BK,PTT PCL,PTT,Thailand,A-,10.9630854504683,52.28782,30.77079,30.77079,23.43333,3078018833338.0,0.39795,1080209886837.31,64.485,1006696222041.0,3078018833338.0,2021.0
ELIr.AT,Elinoil Hellenic Petroleum Company SA,ELIN,Greece,BBB-,11.6331335008018,19.53173,,22.57689,,223290985.82,1.66256,38685927.9432425,207.73565,59849006.77,223290985.82,2021.0
NVTK.MM,Novatek PAO,NVTK,Russia,A+,14.0827401177854,35.42148,9.89278,9.89278,,2457664000000.0,0.04222,,9.78609,1894402000000.0,2457664000000.0,2021.0
PEA.TO,Pieridae Energy Ltd,PEA,Canada,BB+,0.945054209330449,86.28586,,,,622540000.0,,48870220.01,,-32833000.0,622540000.0,2021.0
ENER.KW,Energy House Holding Company KSCP,ENERGYH,Kuwait,BBB,-2.85367995954071,1.105,,,,26808975.0,-0.70046,47298386.5365531,1.39044,20005033.0,26808975.0,2021.0
PGN.WA,Polskie Gornictwo Naftowe i Gazownictwo SA,PGN,Poland,A-,17.6161693424345,49.41325,45.23766,45.23766,35.0,101576000000.0,0.07159,36435777355.516,32.47327,45074000000.0,101576000000.0,2021.0
SHEL.L,Shell PLC,SHEL,United Kingdom,A-,8.57693459550255,48.20527,30.839,30.83912,31.40167,404379000000.0,0.2979,168671868083.962,50.81163,171966000000.0,404379000000.0,2021.0
ECHOE.L,Echo Energy PLC,ECHO,United Kingdom,CCC+,-342.167587421786,19.07249,,,,14022314.0,,9297596.82912805,,-33809477.0,14022314.0,2021.0
DANA.AD,Dana Gas PJSC,DANA,United Arab Emirates,AA+,34.0812870448772,38.5611,,6.48968,,2627000000.0,-0.01701,2019031687.46392,8.67859,2293000000.0,2627000000.0,2021.0
ROSN.MM,NK Rosneft' PAO,ROSN,Russia,BB-,11.1617130073506,65.18807,,19.16933,,16457000000000.0,0.44691,6357846872418.3,69.03991,5532000000000.0,16457000000000.0,2021.0
GALP.LS,Galp Energia SGPS SA,GALP,Portugal,BBB+,19.0619391764078,41.89914,82.20641,82.20641,55.20167,14912000000.0,0.89093,6570377950.92,138.01008,3052000000.0,14912000000.0,2021.0
GSP.MI,Gas Plus SpA,GSP,Italy,B,-0.59053843135213,22.80536,,7.53163,,507771000.0,0.47506,151230236.603434,60.3743,170877000.0,507771000.0,2021.0
INAI.ZA,INA dd,INA-R-A,Croatia,AA-,10.493868080875,53.36971,,17.20227,,21990000000.0,0.0678,35000000000.0,31.90503,10767000000.0,21990000000.0,2021.0
601857.SS,PetroChina Co Ltd,601857,China,A+,9.78518404171117,63.88148,27.502,27.50231,33.75,2502533000000.0,0.23195,854692275189.115,34.80084,1263815000000.0,2502533000000.0,2021.0
ECO.CN,Ecopetrol SA,ECOPETROL,Colombia,BBB+,17.7844490189251,51.80012,28.87,28.766,29.5,244250094000000.0,0.83578,110603908716100.0,101.39608,71733024000000.0,244250094000000.0,2021.0
CVE.TO,Cenovus Energy Inc,CVE,Canada,BBB+,12.4906100246082,68.30364,-22.54,55.36122,27.85,54104000000.0,0.55528,31294176768.69,67.69739,23596000000.0,54104000000.0,2021.0
NIIS.BEL,NIS ad Novi Sad,NIIS,Republic of Serbia,AA-,8.5899650507322,73.88254,,16.83908,,410996330000.0,0.22259,101097448000.0,30.36721,262816533000.0,410996330000.0,2021.0
IOG.L,Iog PLC,IOG,United Kingdom,BB-,-3.03377538566048,79.2937,0.0,,,180689000.0,2.52348,188555116.32,362.71186,28320000.0,180689000.0,2021.0
2222.SE,Saudi Arabian Oil Co,2222,Saudi Arabia,AA-,43.7437533853535,57.53557,46.41,46.40874,46.5,2162690000000.0,0.1427,7160000000000.0,39.89488,1113257000000.0,2162690000000.0,2021.0
RNFT.MM,NK Russneft' PAO,RNFT,Russia,BB-,31.7806500554356,54.70645,,30.5899,,286968000000.0,1.02523,45118008000.0,115.09124,64221000000.0,286968000000.0,2021.0
UNTC.PK,Unit Corp,UNTC,United States of America,BB,33.1955387779841,73.55122,,0.35752,,629477000.0,-0.11244,324616195.1,4.80399,187397000.0,629477000.0,2021.0
XOM.N,Exxon Mobil Corp,XOM,United States of America,A+,-1.64940564700563,70.21217,,,-2.9,332750000000.0,0.38637,174287810179.08,41.29592,157150000000.0,332750000000.0,2020.0
TTEF.PA,TotalEnergies SE,TTE,France,A,2.40688642442881,40.70724,7.42,,42.68,266132000000.0,0.39541,114381140794.455,71.34562,103702000000.0,266132000000.0,2020.0
BP.L,BP PLC,BP.,United Kingdom,A-,-2.87621025767603,42.90465,16.0,,-18.63333,267654000000.0,0.61237,70878086579.5425,95.74374,71250000000.0,267654000000.0,2020.0
CVX.N,Chevron Corp,CVX,United States of America,A+,-0.221701030326367,66.96151,,,28.84286,239790000000.0,0.29149,162570066548.85,33.38833,131688000000.0,239790000000.0,2020.0
TTLC.CI,Total Cote d'Ivoire SA,TTLC,Ivory Coast,A,24.524511117064,48.94234,,23.62781,,127215000000.0,0.29339,107034720000.0,43.84642,43365000000.0,127215000000.0,2020.0
OXY.N,Occidental Petroleum Corp,OXY,United States of America,BB-,-1.37080191912269,83.62185,,,14.35,80064000000.0,1.84014,16119236358.45,194.82582,18573000000.0,80064000000.0,2020.0
GAZP.MM,Gazprom PAO,GAZP,Russia,BBB,2.96378553812238,69.79393,,-21.68144,,23352185000000.0,0.26941,5035119458701.0,34.85746,14237943000000.0,23352185000000.0,2020.0
MOLB.BU,MOL Magyar Olajes Gazipari Nyrt,MOL,Hungary,A,1.52547481586034,58.45527,,,,5530001000000.0,0.36593,1788870601375.39,45.67993,2230715000000.0,5530001000000.0,2020.0
MGMC.OM,Muscat Gases Company SAOG,MGMC,Oman,A+,3.17074691593442,28.89845,,13.43293,,10344879.0,-0.52416,6210000.0,15.87899,6647682.0,10344879.0,2020.0
IMO.TO,Imperial Oil Ltd,IMO,Canada,A+,-2.91239289619756,84.72562,,,-0.05,38031000000.0,0.20604,17735294400.8,24.20394,21418000000.0,38031000000.0,2020.0
SU.TO,Suncor Energy Inc,SU,Canada,A-,-4.29640767495832,83.2183,,,-0.15,84616000000.0,0.55413,32561969451.9,60.68462,35757000000.0,84616000000.0,2020.0
ENI.MI,Eni SpA,ENI,Italy,A-,0.3894232641458,53.43098,139.2,,191.58333,109648000000.0,0.44779,30820624760.704,84.55978,37415000000.0,109648000000.0,2020.0
600028.SS,China Petroleum & Chemical Corp,600028,China,AA-,2.22367915319574,52.22613,15.0105,13.09634,18.75,1738896000000.0,0.13823,459613625323.526,34.57298,747294000000.0,1738896000000.0,2020.0
600617.SS,Shanxi Guoxin Energy Corp Ltd,600617,China,BB-,1.23607617016601,71.44396,,,,31477175149.35,4.31788,4795059881.5227,498.91313,3877363308.33,31477175149.35,2020.0
PETR4.SA,Petroleo Brasileiro SA Petrobras,PETR4,Brazil,A,9.8526426312887,65.36577,,-16781.08108,,987419000000.0,1.05502,373476694608.62,126.16037,308410000000.0,987419000000.0,2020.0
OMVV.VI,OMV AG,OMV,Austria,BBB,6.46801177568751,38.97424,-68.91429,-68.91429,31.8,49271000000.0,0.4564,10799999991.0,59.98291,10512000000.0,49271000000.0,2020.0
REP.MC,Repsol SA,REP,Spain,BBB+,-1.33344772223107,42.44655,33.11,,36.4,49302000000.0,0.4603,12935097144.75,75.75344,20295000000.0,49302000000.0,2020.0
LKOH.MM,NK Lukoil PAO,LKOH,Russia,A+,5.72159711244754,71.17446,,83.16276,,5991579000000.0,0.07445,3580730258016.0,15.97067,4123014000000.0,5991579000000.0,2020.0
ONGC.NS,Oil and Natural Gas Corporation Ltd,ONGC,India,A-,6.18998573498188,53.78662,29.11425,29.09802,31.47143,5432787530000.0,0.49692,1285075520892.9,54.817,2213506500000.0,5432787530000.0,2020.0
YPFD.BA,YPF SA,YPFD3,Argentina,BB+,-4.26528465410376,74.02192,,,,1923225000000.0,0.938,272864133054.55,106.02594,677230000000.0,1923225000000.0,2020.0
SNGS.MM,Surgutneftegaz PAO,SNGS,Russia,A,3.19029538887695,29.88937,,16.46222,,5875687000000.0,-0.25784,1612993284852.88,1.66185,5160070000000.0,5875687000000.0,2020.0
SIBN.MM,Gazprom Neft' PAO,SIBN,Russia,A-,4.27762406927785,68.56191,,15.91761,,4259174000000.0,0.28356,1502754920581.05,38.87623,2084638000000.0,4259174000000.0,2020.0
YAKG.MM,Yakutskaya Toplivno-Energeticheskaya Kompaniya PAO,YAKG,Russia,BBB+,16.3896258595484,64.57297,,29.43723,,22926000000.0,0.36353,43992110750.0,61.96019,11856000000.0,22926000000.0,2020.0
600256.SS,Guanghui Energy Co Ltd,600256,China,BBB+,10.115547172417,70.13628,29.6437,29.6437,,54120478466.57,1.4175,19113912767.4,156.32353,16913977284.42,54120478466.57,2020.0
EQNR.OL,Equinor ASA,EQNR,Norway,A,3.61213465284354,54.89027,56.874,,48.26,124809000000.0,0.60463,55302020604.0393,112.46017,33873000000.0,124809000000.0,2020.0
ROSNP.BX,OMV Petrom SA,SNP,Romania,A+,6.74042930587171,58.38245,12.69291,12.69291,,47620820000.0,-0.23281,20590133379.7725,2.91602,33070630000.0,47620820000.0,2020.0
PTT.BK,PTT PCL,PTT,Thailand,A-,3.3618810184174,57.01214,38.64856,38.64856,21.5,2544182883923.0,0.29348,1209483679810.73,61.86617,882040401831.0,2544182883923.0,2020.0
ELIr.AT,Elinoil Hellenic Petroleum Company SA,ELIN,Greece,BBB-,10.4074498055951,23.46407,,34.46094,,181253785.37,1.4825,36695320.2,161.40526,55948875.18,181253785.37,2020.0
NVTK.MM,Novatek PAO,NVTK,Russia,A+,5.9656869048648,35.42224,,39.36078,,2059178000000.0,0.02973,3823316515200.0,14.19703,1619964000000.0,2059178000000.0,2020.0
PEA.TO,Pieridae Energy Ltd,PEA,Canada,BB+,-10.0139114440545,85.03259,,,,612651000.0,48.24384,74879888.725,5076.87044,4647000.0,612651000.0,2020.0
ENER.KW,Energy House Holding Company KSCP,ENERGYH,Kuwait,BBB,-7.74862751478635,6.97432,,,,28042018.0,-0.73183,21300000.0,1.2089,21129407.0,28042018.0,2020.0
PGN.WA,Polskie Gornictwo Naftowe i Gazownictwo SA,PGN,Poland,A-,10.4472745406421,67.70212,18.67036,18.67036,17.5,62871000000.0,-0.06502,32189560605.1334,9.33512,44821000000.0,62871000000.0,2020.0
SHEL.L,Shell PLC,SHEL,United Kingdom,A-,0.613385966693745,55.29072,30.97,,29.53333,379268000000.0,0.48054,137018726832.651,68.13173,155310000000.0,379268000000.0,2020.0
ECHOE.L,Echo Energy PLC,ECHO,United Kingdom,CCC+,-37.2959857995591,13.07935,,,,19516967.0,,7750218.78666065,,-24050627.0,19516967.0,2020.0
DANA.AD,Dana Gas PJSC,DANA,United Arab Emirates,AA+,2.56253813300793,39.14121,,,,2422000000.0,0.00186,1359915211.37062,7.59907,2143000000.0,2422000000.0,2020.0
ROSN.MM,NK Rosneft' PAO,ROSN,Russia,BB-,2.72569367122434,68.76873,,-12.92517,,15350000000000.0,0.50465,4612326985958.4,80.04374,4706000000000.0,15350000000000.0,2020.0
GALP.LS,Galp Energia SGPS SA,GALP,Portugal,BBB+,-0.42583392476934,47.07012,83.19,,69.375,12492000000.0,0.75902,6750831993.234,117.85366,3160000000.0,12492000000.0,2020.0
GSP.MI,Gas Plus SpA,GSP,Italy,B,-1.76060845138603,22.84024,,,,458835000.0,0.47653,83531893.2,50.34985,177764000.0,458835000.0,2020.0
INAI.ZA,INA dd,INA-R-A,Croatia,AA-,-8.97984755142529,63.19225,,,,18996000000.0,0.21321,27913126817.3032,25.58512,9344000000.0,18996000000.0,2020.0
601857.SS,PetroChina Co Ltd,601857,China,A+,2.58858138548729,64.15484,40.283,40.28608,28.75,2488400000000.0,0.27106,714597364402.074,37.7835,1215421000000.0,2488400000000.0,2020.0
ECO.CN,Ecopetrol SA,ECOPETROL,Colombia,BBB+,5.58728748518755,70.8811,35.65,38.46663,31.8,139417119000000.0,0.70292,92306979579050.0,83.71975,52095250000000.0,139417119000000.0,2020.0
CVE.TO,Cenovus Energy Inc,CVE,Canada,BBB+,-3.14765026806912,82.92035,,,3.55,32770000000.0,0.55821,9523741748.25,58.08344,16707000000.0,32770000000.0,2020.0
NIIS.BEL,NIS ad Novi Sad,NIIS,Republic of Serbia,AA-,-1.87249648344712,80.24809,,,,385230187000.0,0.31519,105010897600.0,35.12135,242742629000.0,385230187000.0,2020.0
IOG.L,Iog PLC,IOG,United Kingdom,BB-,-2.64551239300966,45.36012,,,,154239000.0,4.38253,64443872.46,502.50899,22798000.0,154239000.0,2020.0
2222.SE,Saudi Arabian Oil Co,2222,Saudi Arabia,AA-,26.1120387306097,63.18156,50.45056,50.65758,50.1425,1914261000000.0,0.29173,7000000000000.0,48.68585,990848000000.0,1914261000000.0,2020.0
RNFT.MM,NK Russneft' PAO,RNFT,Russia,BB-,3.84600832387438,53.83643,,,,275295000000.0,1.81956,68588784000.0,193.10042,36388000000.0,275295000000.0,2020.0
UNTC.PK,Unit Corp,UNTC,United States of America,BB,-8.64314177244839,85.02223,,,,649703000.0,0.21164,,24.01731,179222000.0,649703000.0,2020.0
XOM.N,Exxon Mobil Corp,XOM,United States of America,A+,3.96960178060327,71.6087,30.02593,30.02593,38.44286,362597000000.0,0.2211,295246581285.48,23.66265,191650000000.0,362597000000.0,2019.0
TTEF.PA,TotalEnergies SE,TTE,France,A,8.76004205464085,42.59442,33.92259,33.92259,41.7,273294000000.0,0.2626,143502173497.298,51.04396,116778000000.0,273294000000.0,2019.0
BP.L,BP PLC,BP.,United Kingdom,A-,6.92982013050526,44.93384,48.614,48.61418,38.74,295194000000.0,0.56084,127390545119.332,76.90154,98412000000.0,295194000000.0,2019.0
CVX.N,Chevron Corp,CVX,United States of America,A+,0.956603213053315,65.101,29.02,48.55491,30.66667,237428000000.0,0.14616,226820077851.51,18.57542,144213000000.0,237428000000.0,2019.0
TTLC.CI,Total Cote d'Ivoire SA,TTLC,Ivory Coast,A,31.2422679431301,45.94396,,26.08838,,134651000000.0,0.10917,85312968000.0,53.27745,40916000000.0,134651000000.0,2019.0
OXY.N,Occidental Petroleum Corp,OXY,United States of America,BB-,4.88822015321515,78.0306,36.02,243.22034,38.56667,107190000000.0,1.03868,36813612938.7,112.72494,34232000000.0,107190000000.0,2019.0
GAZP.MM,Gazprom PAO,GAZP,Russia,BBB,7.11054131744998,68.87146,,21.97503,,21882348000000.0,0.22974,6069888707560.0,28.13017,14104833000000.0,21882348000000.0,2019.0
MOLB.BU,MOL Magyar Olajes Gazipari Nyrt,MOL,Hungary,A,9.49348369832008,52.33474,,17.16292,,5132287000000.0,0.20286,2409108982560.0,36.89915,2163593000000.0,5132287000000.0,2019.0
MGMC.OM,Muscat Gases Company SAOG,MGMC,Oman,A+,4.97152099770133,32.61401,,9.40648,,10446572.0,-0.43324,4680000.0,17.71641,7189211.0,10446572.0,2019.0
IMO.TO,Imperial Oil Ltd,IMO,Canada,A+,5.43326275418481,81.69104,24.8,-7.52688,25.8,42187000000.0,0.14364,25863761189.4,21.44093,24276000000.0,42187000000.0,2019.0
SU.TO,Suncor Energy Inc,SU,Canada,A-,8.22543118709221,83.93582,14.68,-14.44927,28.05,89435000000.0,0.38081,65417824454.08,42.74297,42042000000.0,89435000000.0,2019.0
ENI.MI,Eni SpA,ENI,Italy,A-,9.59044981418708,54.71565,97.30247,97.30247,61.12,123440000000.0,0.36351,50318930079.18,62.97704,47839000000.0,123440000000.0,2019.0
600028.SS,China Petroleum & Chemical Corp,600028,China,AA-,8.26330747925951,56.67346,23.19378,19.90767,19.90333,1760286000000.0,0.2478,595236699468.077,39.73569,739965000000.0,1760286000000.0,2019.0
600617.SS,Shanxi Guoxin Energy Corp Ltd,600617,China,BB-,5.42471166715782,70.8648,,218.35025,,29525426153.03,4.42354,4933805087.92627,497.70849,3792967468.91,29525426153.03,2019.0
PETR4.SA,Petroleo Brasileiro SA Petrobras,PETR4,Brazil,A,9.5265336061411,69.32412,34.71487,34.71487,55.25,926011000000.0,1.06261,407228183885.84,117.39136,295541000000.0,926011000000.0,2019.0
OMVV.VI,OMV AG,OMV,Austria,BBB,11.9290777707214,40.81486,37.82218,37.82218,38.32,40375000000.0,0.27735,16389818168.16,45.21141,11025000000.0,40375000000.0,2019.0
REP.MC,Repsol SA,REP,Spain,BBB+,4.88664654431691,39.97755,,,35.0125,57895000000.0,0.44694,21814991220.54,68.28514,24928000000.0,57895000000.0,2019.0
LKOH.MM,NK Lukoil PAO,LKOH,Russia,A+,17.1828240398987,67.69755,,19.04988,,5947050000000.0,-0.00315,4410835000000.0,13.92322,3965364000000.0,5947050000000.0,2019.0
ONGC.NS,Oil and Natural Gas Corporation Ltd,ONGC,India,A-,7.75005288184785,53.8646,39.37456,39.58448,34.7,5100176140000.0,0.51173,859233069769.8,57.82807,2054864350000.0,5100176140000.0,2019.0
YPFD.BA,YPF SA,YPFD3,Argentina,BB+,2.23288178622826,71.84961,,,,1573289000000.0,0.93791,337103314627.6,107.37841,542549000000.0,1573289000000.0,2019.0
SNGS.MM,Surgutneftegaz PAO,SNGS,Russia,A,8.17111178015635,30.58172,,20.11359,,5267896000000.0,-0.21743,2093648836176.72,5.63072,4449064000000.0,5267896000000.0,2019.0
SIBN.MM,Gazprom Neft' PAO,SIBN,Russia,A-,14.236889032777,66.61671,,16.88465,,3825483000000.0,0.26239,1992057043325.85,36.28339,2057206000000.0,3825483000000.0,2019.0
YAKG.MM,Yakutskaya Toplivno-Energeticheskaya Kompaniya PAO,YAKG,Russia,BBB+,11.4459192124735,44.15787,,25.40611,,28885000000.0,0.03859,25651039012.5,130.94238,11233000000.0,28885000000.0,2019.0
600256.SS,Guanghui Energy Co Ltd,600256,China,BBB+,10.6178640740277,75.47013,18.09474,18.10641,29.0,48741535871.33,1.33031,22488057150.7,145.17498,16015456476.82,48741535871.33,2019.0
EQNR.OL,Equinor ASA,EQNR,Norway,A,13.6084234783369,59.25057,80.07964,80.07964,68.1,118063000000.0,0.41257,66485310783.4449,70.53621,41139000000.0,118063000000.0,2019.0
ROSNP.BX,OMV Petrom SA,SNP,Romania,A+,13.0206933603253,58.8369,,15.01403,,47495230000.0,-0.19308,25319916425.745,3.0777,33500860000.0,47495230000.0,2019.0
PTT.BK,PTT PCL,PTT,Thailand,A-,7.60915416064403,55.59023,21.2721,21.2721,22.63333,2486964962939.0,0.24842,1256771835000.0,50.64939,878604109457.0,2486964962939.0,2019.0
ELIr.AT,Elinoil Hellenic Petroleum Company SA,ELIN,Greece,BBB-,20.1366544891395,19.42851,,23.34209,,216567516.57,1.72658,39554695.8,189.33154,53045019.75,216567516.57,2019.0
NVTK.MM,Novatek PAO,NVTK,Russia,A+,12.4467031224574,27.66194,,11.92824,,2012867000000.0,0.01496,3831818172000.0,9.75127,1647509000000.0,2012867000000.0,2019.0
PEA.TO,Pieridae Energy Ltd,PEA,Canada,BB+,-6.86690458321208,83.2509,,,,602474000.0,1.90687,72628511.03,199.85812,104477000.0,602474000.0,2019.0
ENER.KW,Energy House Holding Company KSCP,ENERGYH,Kuwait,BBB,-6.16525024671161,8.4312,,,,32075688.0,-0.55935,17100000.0,1.5817,24293160.0,32075688.0,2019.0
PGN.WA,Polskie Gornictwo Naftowe i Gazownictwo SA,PGN,Poland,A-,6.22699519334863,67.58807,36.49838,36.49838,,59185000000.0,0.11205,25008546701.096,17.39668,38813000000.0,59185000000.0,2019.0
SHEL.L,Shell PLC,SHEL,United Kingdom,A-,8.4031246275691,58.94825,39.77,35.52286,31.2,404336000000.0,0.41373,232475351386.199,50.62611,186476000000.0,404336000000.0,2019.0
ECHOE.L,Echo Energy PLC,ECHO,United Kingdom,CCC+,-20.8421183434447,3.39137,,,,32470931.0,16.39279,21704461.0196234,1758.13544,1175591.0,32470931.0,2019.0
DANA.AD,Dana Gas PJSC,DANA,United Arab Emirates,AA+,7.45146055623579,37.57027,,0.0,,3202000000.0,-0.00836,1826552783.89975,17.32523,2630000000.0,3202000000.0,2019.0
ROSN.MM,NK Rosneft' PAO,ROSN,Russia,BB-,11.560242140207,68.51737,,19.25777,,12950000000000.0,0.5462,4766000564304.9,68.76941,4517000000000.0,12950000000000.0,2019.0
GALP.LS,Galp Energia SGPS SA,GALP,Portugal,BBB+,12.0798319327731,49.65868,58.01,62.54887,51.44,13770000000.0,0.46226,11490449702.9,72.79477,4420000000.0,13770000000.0,2019.0
GSP.MI,Gas Plus SpA,GSP,Italy,B,0.986410392954705,21.37673,,,,544522000.0,0.30812,108681280.4,37.27323,212598000.0,544522000.0,2019.0
INAI.ZA,INA dd,INA-R-A,Croatia,AA-,4.83126341114507,59.95263,,25.79666,,21532000000.0,0.25838,31200000000.0,31.24108,11204000000.0,21532000000.0,2019.0
601857.SS,PetroChina Co Ltd,601857,China,A+,7.52317752284559,72.18144,35.076,35.07601,35.95,2733190000000.0,0.36048,1017731710995.78,43.70903,1230428000000.0,2733190000000.0,2019.0
ECO.CN,Ecopetrol SA,ECOPETROL,Colombia,BBB+,19.2325372669436,69.19924,24.31,24.06636,31.4,135448018000000.0,0.48712,136301842897350.0,63.36846,56412330000000.0,135448018000000.0,2019.0
CVE.TO,Cenovus Energy Inc,CVE,Canada,BBB+,5.12422832466624,83.85182,39.76,-57.05082,48.35,35713000000.0,0.43899,16218990664.8,44.86745,19201000000.0,35713000000.0,2019.0
NIIS.BEL,NIS ad Novi Sad,NIIS,Republic of Serbia,AA-,6.76076838180149,73.68474,,21.45206,,415193944000.0,0.28953,122132239600.0,35.65241,254955703000.0,415193944000.0,2019.0
IOG.L,Iog PLC,IOG,United Kingdom,BB-,-7.98577957134536,20.46872,,0.0,,146526000.0,1.82463,75027069.53125,222.40801,40548000.0,146526000.0,2019.0
2222.SE,Saudi Arabian Oil Co,2222,Saudi Arabia,AA-,55.2943841711488,65.72498,50.40158,50.40158,49.9,1494126000000.0,-0.04575,7050000000000.0,16.78256,1035065000000.0,1494126000000.0,2019.0
RNFT.MM,NK Russneft' PAO,RNFT,Russia,BB-,16.7683440868386,54.77102,,25.07029,,280265000000.0,0.83463,161824824000.0,104.85836,62118000000.0,280265000000.0,2019.0
UNTC.PK,Unit Corp,UNTC,United States of America,BB,-1.10857246435432,93.69906,,,,2090052000.0,0.73721,38566424.1708,73.77503,853878000.0,2090052000.0,2019.0
XOM.N,Exxon Mobil Corp,XOM,United States of America,A+,7.18613464648659,71.37604,30.79,31.73521,35.78,346196000000.0,0.17506,288703310922.3,19.03812,191794000000.0,346196000000.0,2018.0
TTEF.PA,TotalEnergies SE,TTE,France,A,9.0581252924138,44.13581,36.06775,36.06775,41.9,256762000000.0,0.18525,139744679597.303,43.64851,115640000000.0,256762000000.0,2018.0
BP.L,BP PLC,BP.,United Kingdom,A-,7.97363574864702,47.93498,42.73,43.44914,38.97143,282176000000.0,0.43781,128218999633.855,64.79596,99444000000.0,282176000000.0,2018.0
CVX.N,Chevron Corp,CVX,United States of America,A+,6.82523450562217,66.65288,27.77643,27.90279,30.9,253863000000.0,0.15493,207873143603.51,22.13991,154554000000.0,253863000000.0,2018.0
TTLC.CI,Total Cote d'Ivoire SA,TTLC,Ivory Coast,A,32.4426173347037,37.83551,,28.27748,,123059000000.0,-0.34313,175033248000.0,16.72891,37755000000.0,123059000000.0,2018.0
OXY.N,Occidental Petroleum Corp,OXY,United States of America,BB-,14.2511397534755,71.68559,25.0,28.46314,28.96667,43854000000.0,0.34149,46343492074.44,48.3685,21330000000.0,43854000000.0,2018.0
GAZP.MM,Gazprom PAO,GAZP,Russia,BBB,12.1024189990708,66.3582,,17.46587,,20810440000000.0,0.21686,3633884230150.0,28.04718,13300009000000.0,20810440000000.0,2018.0
MOLB.BU,MOL Magyar Olajes Gazipari Nyrt,MOL,Hungary,A,13.1150386088122,49.31651,,7.74798,,4611581000000.0,0.12485,2523088368065.42,30.20708,2002760000000.0,4611581000000.0,2018.0
MGMC.OM,Muscat Gases Company SAOG,MGMC,Oman,A+,3.83772303863937,29.79755,,29.10878,,8438217.0,-0.29369,6300000.0,2.937,6799827.0,8438217.0,2018.0
IMO.TO,Imperial Oil Ltd,IMO,Canada,A+,8.12635061227757,82.55741,24.7,24.69899,26.3,41456000000.0,0.17118,27163543222.71,21.15235,24489000000.0,41456000000.0,2018.0
SU.TO,Suncor Energy Inc,SU,Canada,A-,8.36269762007952,85.47093,33.91531,33.91531,30.5,89579000000.0,0.3438,60813845814.87,39.42734,44005000000.0,89579000000.0,2018.0
ENI.MI,Eni SpA,ENI,Italy,A-,11.8212493895129,50.94236,58.46486,59.06797,58.7,118373000000.0,0.16598,49962779916.84,50.6432,51016000000.0,118373000000.0,2018.0
600028.SS,China Petroleum & Chemical Corp,600028,China,AA-,8.99314235822222,47.39818,20.11204,20.11204,20.46667,1592308000000.0,-0.03575,607777067124.844,18.89854,718355000000.0,1592308000000.0,2018.0
600617.SS,Shanxi Guoxin Energy Corp Ltd,600617,China,BB-,5.25105764751061,71.04666,,84.97336,,28841223432.56,3.92553,5138072400.10048,459.42678,3927579837.98,28841223432.56,2018.0
PETR4.SA,Petroleo Brasileiro SA Petrobras,PETR4,Brazil,A,9.99626417876401,70.87137,39.01224,39.67973,,860473000000.0,0.94809,316092665638.64,115.28269,277225000000.0,860473000000.0,2018.0
OMVV.VI,OMV AG,OMV,Austria,BBB,13.995502681094,40.89446,39.0,39.56944,39.05,36961000000.0,0.12925,12518181807.75,39.37557,9919000000.0,36961000000.0,2018.0
REP.MC,Repsol SA,REP,Spain,BBB+,6.81490761039775,41.84244,41.58416,41.58416,38.75714,60778000000.0,0.26994,21948996354.56,48.79019,30628000000.0,60778000000.0,2018.0
LKOH.MM,NK Lukoil PAO,LKOH,Russia,A+,16.9884174133948,66.79883,,19.65243,,5732382000000.0,0.00398,3747750000000.0,13.13474,4065560000000.0,5732382000000.0,2018.0
ONGC.NS,Oil and Natural Gas Corporation Ltd,ONGC,India,A-,15.0532130717145,49.14282,38.12545,38.12088,34.43,4994937570000.0,0.32242,2009699603158.5,43.71973,2155049860000.0,4994937570000.0,2018.0
YPFD.BA,YPF SA,YPFD3,Argentina,BB+,5.13369528361758,70.32955,,57.17297,,994016000000.0,0.7675,197476002613.45,92.47179,359200000000.0,994016000000.0,2018.0
SNGS.MM,Surgutneftegaz PAO,SNGS,Russia,A,9.60335943944205,28.66357,,18.14755,,5135791000000.0,-0.20005,1263734958138.22,4.88148,4426056000000.0,5135791000000.0,2018.0
SIBN.MM,Gazprom Neft' PAO,SIBN,Russia,A-,16.8855837850419,67.20019,,16.48102,,3520926000000.0,0.27739,1643808584841.3,40.2113,1840176000000.0,3520926000000.0,2018.0
YAKG.MM,Yakutskaya Toplivno-Energeticheskaya Kompaniya PAO,YAKG,Russia,BBB+,12.3907164083479,48.90863,,23.44696,,25474405000.0,1.02292,6913045975.0,132.39672,9435239000.0,25474405000.0,2018.0
600256.SS,Guanghui Energy Co Ltd,600256,China,BBB+,12.5799891816885,80.91733,28.95421,28.95421,,48339021591.74,1.22093,25331508295.2,134.02583,15201806697.44,48339021591.74,2018.0
EQNR.OL,Equinor ASA,EQNR,Norway,A,20.7792069622206,58.00654,60.05616,60.05616,64.32,112508000000.0,0.27055,70420932893.0679,59.84415,42971000000.0,112508000000.0,2018.0
ROSNP.BX,OMV Petrom SA,SNP,Romania,A+,12.5529602047489,61.0931,17.00963,17.00963,,43784140000.0,-0.16214,34244673142.3593,2.29131,31367620000.0,43784140000.0,2018.0
PTT.BK,PTT PCL,PTT,Thailand,A-,11.8495920718658,51.87078,24.48979,24.49389,18.72,2353682332950.0,0.08358,1313897827500.0,41.26054,874325249311.0,2353682332950.0,2018.0
ELIr.AT,Elinoil Hellenic Petroleum Company SA,ELIN,Greece,BBB-,19.3945868881366,13.73048,,34.38022,,209362623.26,1.25764,29546881.2,149.20043,51296134.11,209362623.26,2018.0
NVTK.MM,Novatek PAO,NVTK,Russia,A+,21.8236709315209,33.55895,,19.94758,,1216370000000.0,0.12712,3437098392000.0,20.52358,868254000000.0,1216370000000.0,2018.0
PEA.TO,Pieridae Energy Ltd,PEA,Canada,BB+,-11.2019185847323,88.80496,,,,370673000.0,0.44573,199704471.92,54.50473,91900000.0,370673000.0,2018.0
ENER.KW,Energy House Holding Company KSCP,ENERGYH,Kuwait,BBB,-2.42940630846393,4.07945,,21.94448,,33717645.0,0.12271,27225000.0,19.90225,23511503.0,33717645.0,2018.0
PGN.WA,Polskie Gornictwo Naftowe i Gazownictwo SA,PGN,Poland,A-,11.3537944579853,64.26761,28.72,28.72057,27.5,53271000000.0,0.01523,39928155661.87,9.91112,37354000000.0,53271000000.0,2018.0
SHEL.L,Shell PLC,SHEL,United Kingdom,A-,9.74856291938937,55.9064,32.888,32.8879,35.75,399194000000.0,0.24855,243408898089.904,37.93141,198646000000.0,399194000000.0,2018.0
ECHOE.L,Echo Energy PLC,ECHO,United Kingdom,CCC+,-22.908669212812,1.33084,,,,25218105.0,0.15589,43594234.8267592,228.73649,7052584.0,25218105.0,2018.0
DANA.AD,Dana Gas PJSC,DANA,United Arab Emirates,AA+,3.71872887085869,38.71171,,,,3167000000.0,0.00193,1823556546.80897,16.00309,2585000000.0,3167000000.0,2018.0
ROSN.MM,NK Rosneft' PAO,ROSN,Russia,BB-,12.6231263383298,64.15711,,21.99519,,13163000000000.0,0.5542,4583711905852.5,86.74364,4053000000000.0,13163000000000.0,2018.0
GALP.LS,Galp Energia SGPS SA,GALP,Portugal,BBB+,15.9804818542239,42.03515,47.12848,47.12848,47.825,12687000000.0,0.28725,10638305614.195,53.66297,4587000000.0,12687000000.0,2018.0
GSP.MI,Gas Plus SpA,GSP,Italy,B,0.67012158356294,20.6544,,,,523530000.0,0.19472,102843029.8,27.27623,212788000.0,523530000.0,2018.0
INAI.ZA,INA dd,INA-R-A,Croatia,AA-,11.2492169727342,59.22283,,22.56579,,20742000000.0,0.14117,31436345397.0214,17.68587,11814000000.0,20742000000.0,2018.0
601857.SS,PetroChina Co Ltd,601857,China,A+,9.40020942111886,70.02399,37.142,36.64657,32.06,2441169000000.0,0.2322,1257852048949.54,29.99618,1214067000000.0,2441169000000.0,2018.0
ECO.CN,Ecopetrol SA,ECOPETROL,Colombia,BBB+,21.1268854328986,68.00167,36.88,36.87588,35.5,126240620000000.0,0.44566,108753657455050.0,64.18178,57213607000000.0,126240620000000.0,2018.0
CVE.TO,Cenovus Energy Inc,CVE,Canada,BBB+,-3.84242301400009,83.82044,,,24.75,35174000000.0,0.48128,11796384000.0,52.59904,17468000000.0,35174000000.0,2018.0
NIIS.BEL,NIS ad Novi Sad,NIIS,Republic of Serbia,AA-,9.80625518375196,67.80509,,18.5359,,395985343000.0,0.20952,112315757438.715,28.24845,242875804000.0,395985343000.0,2018.0
IOG.L,Iog PLC,IOG,United Kingdom,BB-,-9.35011559208836,91.76767,,,,45297000.0,,24739290.42,,-5776000.0,45297000.0,2018.0
2222.SE,Saudi Arabian Oil Co,2222,Saudi Arabia,AA-,75.4781165419557,64.87729,,47.79796,,1346892000000.0,-0.0803,,9.85167,1016782000000.0,1346892000000.0,2018.0
RNFT.MM,NK Russneft' PAO,RNFT,Russia,BB-,18.5867268474658,53.55071,,31.00598,,253048000000.0,1.23096,155530656000.0,126.81321,59368000000.0,253048000000.0,2018.0
UNTC.PK,Unit Corp,UNTC,United States of America,BB,5.32681096952931,90.15079,46.04,,40.76667,2698053000.0,0.40041,771948468.48,40.44541,1390881000.0,2698053000.0,2018.0
XOM.N,Exxon Mobil Corp,XOM,United States of America,A+,4.20993172895208,72.45097,23.61,25.53283,29.01429,348691000000.0,0.20133,354391552280.28,21.76658,187688000000.0,348691000000.0,2017.0
TTEF.PA,TotalEnergies SE,TTE,France,A,4.32666425560227,45.08781,26.73905,26.73905,35.5,242631000000.0,0.13108,139544078744.089,45.03275,111556000000.0,242631000000.0,2017.0
BP.L,BP PLC,BP.,United Kingdom,A-,4.46213686349883,46.82241,37.28,39.73538,40.7625,276515000000.0,0.3885,139954398063.636,62.97558,98491000000.0,276515000000.0,2017.0
CVX.N,Chevron Corp,CVX,United States of America,A+,2.29156487558379,70.01883,20.09,21.38597,28.0,253806000000.0,0.22731,237782622046.32,25.95986,148124000000.0,253806000000.0,2017.0
TTLC.CI,Total Cote d'Ivoire SA,TTLC,Ivory Coast,A,28.2826717438952,41.06812,,27.09444,,106898000000.0,-0.06787,245550240000.0,24.55636,34093000000.0,106898000000.0,2017.0
OXY.N,Occidental Petroleum Corp,OXY,United States of America,BB-,3.47470331918232,74.17789,37.0,2.78064,39.42,42026000000.0,0.39646,56367972260.02,47.77367,20572000000.0,42026000000.0,2017.0
GAZP.MM,Gazprom PAO,GAZP,Russia,BBB,5.11415637159673,68.78248,,24.66852,,18238770000000.0,0.19695,3089393433450.0,27.18591,11629086000000.0,18238770000000.0,2017.0
MOLB.BU,MOL Magyar Olajes Gazipari Nyrt,MOL,Hungary,A,14.1930139349472,53.43399,13.46359,13.46359,,4231700000000.0,0.20699,2462371596120.0,32.11341,1750557000000.0,4231700000000.0,2017.0
MGMC.OM,Muscat Gases Company SAOG,MGMC,Oman,A+,1.36779040811481,24.8719,,17.05375,,10758641.0,-0.44573,16740000.0,6.73674,8726963.0,10758641.0,2017.0
IMO.TO,Imperial Oil Ltd,IMO,Canada,A+,0.959646977510766,82.8658,22.18,15.80756,24.4,41601000000.0,0.16419,32718868931.74,21.3096,24435000000.0,41601000000.0,2017.0
SU.TO,Suncor Energy Inc,SU,Canada,A-,6.15865738029678,84.41348,24.64503,24.64503,25.75,89494000000.0,0.2844,76011941943.6,34.32783,45383000000.0,89494000000.0,2017.0
ENI.MI,Eni SpA,ENI,Italy,A-,5.08869665636595,54.95441,63.12,50.65751,64.36667,114928000000.0,0.23139,50151757554.0,51.38834,48030000000.0,114928000000.0,2017.0
600028.SS,China Petroleum & Chemical Corp,600028,China,AA-,8.94504229411312,48.2242,18.80378,18.80378,23.775,1595504000000.0,-0.03423,707517214012.047,21.89141,727244000000.0,1595504000000.0,2017.0
600617.SS,Shanxi Guoxin Energy Corp Ltd,600617,China,BB-,4.0121392183128,71.78268,664.99188,664.99194,,25701512748.4,3.67984,8680453140.20242,420.82771,3713739076.51,25701512748.4,2017.0
PETR4.SA,Petroleo Brasileiro SA Petrobras,PETR4,Brazil,A,5.09194314340849,70.27618,93.89375,93.89375,,831515000000.0,1.04133,216044788428.02,134.07676,263985000000.0,831515000000.0,2017.0
OMVV.VI,OMV AG,OMV,Austria,BBB,15.0832751570759,43.2417,25.0,42.66487,29.98,31576000000.0,0.13925,17289818167.41,41.76085,8985000000.0,31576000000.0,2017.0
REP.MC,Repsol SA,REP,Spain,BBB+,4.83795209018318,41.09795,23.2,39.26617,30.8,59857000000.0,0.26458,22950075908.925,42.81438,29797000000.0,59857000000.0,2017.0
LKOH.MM,NK Lukoil PAO,LKOH,Russia,A+,11.9866222635305,68.4083,,19.79496,,5226215000000.0,0.07633,2836203173797.5,17.65873,3482951000000.0,5226215000000.0,2017.0
ONGC.NS,Oil and Natural Gas Corporation Ltd,ONGC,India,A-,10.2876454942019,50.26135,33.726,33.51276,32.87778,4575463230000.0,0.35413,2281749215004.0,46.54408,2027639980000.0,4575463230000.0,2017.0
YPFD.BA,YPF SA,YPFD3,Argentina,BB+,3.31177350176699,70.08708,,-45.60496,,505718000000.0,0.97939,165857819580.25,125.26011,152295000000.0,505718000000.0,2017.0
SNGS.MM,Surgutneftegaz PAO,SNGS,Russia,A,7.17325204046371,33.74681,,20.98542,,4239690000000.0,-0.2384,1213170732646.52,5.21178,3612899000000.0,4239690000000.0,2017.0
SIBN.MM,Gazprom Neft' PAO,SIBN,Russia,A-,12.8411866416194,70.04332,,17.07319,,2930008000000.0,0.36259,1157351241879.9,42.34965,1553257000000.0,2930008000000.0,2017.0
YAKG.MM,Yakutskaya Toplivno-Energeticheskaya Kompaniya PAO,YAKG,Russia,BBB+,16.4371179028481,49.37596,,19.73681,,23540649000.0,1.24004,7607658250.0,161.88381,7848298000.0,23540649000.0,2017.0
600256.SS,Guanghui Energy Co Ltd,600256,China,BBB+,7.58616302984974,83.73904,45.39887,45.49238,25.0,45093857774.19,1.45257,26420408901.04,158.03057,11887145455.43,45093857774.19,2017.0
EQNR.OL,Equinor ASA,EQNR,Norway,A,14.2292446169156,57.27903,65.7377,65.7377,68.38333,111100000000.0,0.39797,70941757992.6404,70.88881,39861000000.0,111100000000.0,2017.0
ROSNP.BX,OMV Petrom SA,SNP,Romania,A+,10.7124927226201,64.53704,,14.2835,,42058790000.0,-0.11052,32261814760.814,3.80669,28479670000.0,42058790000.0,2017.0
PTT.BK,PTT PCL,PTT,Thailand,A-,10.8229156127096,53.11374,13.29397,13.29397,17.38,2232314156996.0,0.10727,1256771835000.0,42.40742,818671751122.0,2232314156996.0,2017.0
ELIr.AT,Elinoil Hellenic Petroleum Company SA,ELIN,Greece,BBB-,19.9681485386719,16.55172,,32.50054,,166608323.18,1.07284,33206417.6118216,157.5318,52938814.84,166608323.18,2017.0
NVTK.MM,Novatek PAO,NVTK,Russia,A+,18.047461309673,34.48229,,17.11271,,1044162000000.0,0.12519,2057704576200.0,21.02032,757839000000.0,1044162000000.0,2017.0
PEA.TO,Pieridae Energy Ltd,PEA,Canada,BB+,-8.1307595480926,62.97387,,,,74045000.0,-0.32683,212984113.18,0.36724,59469000.0,74045000.0,2017.0
ENER.KW,Energy House Holding Company KSCP,ENERGYH,Kuwait,BBB,-7.35893686697761,16.22506,,,,48448298.0,0.14045,21600000.0,18.00731,29165948.0,48448298.0,2017.0
PGN.WA,Polskie Gornictwo Naftowe i Gazownictwo SA,PGN,Poland,A-,11.8298936835522,67.32361,25.52269,25.52269,,48203000000.0,0.01244,36345600450.53,8.7399,34393000000.0,48203000000.0,2017.0
SHEL.L,Shell PLC,SHEL,United Kingdom,A-,5.53446252895695,55.60837,25.9,14.86486,35.7,407097000000.0,0.33099,280180052909.152,43.30627,194356000000.0,407097000000.0,2017.0
ECHOE.L,Echo Energy PLC,ECHO,United Kingdom,CCC+,-52.5108151619624,1.24161,,,,31010679.0,-0.91895,67112391.391809,130.71748,11960989.0,31010679.0,2017.0
DANA.AD,Dana Gas PJSC,DANA,United Arab Emirates,AA+,7.08948740225891,38.6568,,31.40496,,3782000000.0,0.03697,1538877232.12788,25.218,2866000000.0,3782000000.0,2017.0
ROSN.MM,NK Rosneft' PAO,ROSN,Russia,BB-,6.74036450552734,64.79921,,24.81013,,12227000000000.0,0.72699,3089368833655.5,88.42936,3619000000000.0,12227000000000.0,2017.0
GALP.LS,Galp Energia SGPS SA,GALP,Portugal,BBB+,10.7121381186511,43.09186,37.04,44.97992,47.21429,12051000000.0,0.3222,11818197429.325,53.34833,4344000000.0,12051000000.0,2017.0
GSP.MI,Gas Plus SpA,GSP,Italy,B,1.46797822097885,20.53722,,30.79678,,529731000.0,0.23922,117483565.92,30.6141,214583000.0,529731000.0,2017.0
INAI.ZA,INA dd,INA-R-A,Croatia,AA-,9.70640691452874,62.37865,,21.86701,,19263000000.0,0.1212,32007395626.2425,15.83377,11660000000.0,19263000000.0,2017.0
601857.SS,PetroChina Co Ltd,601857,China,A+,5.13149737112613,70.77832,30.696,30.69721,22.62,2404910000000.0,0.23207,1405711963083.13,34.45053,1193810000000.0,2404910000000.0,2017.0
ECO.CN,Ecopetrol SA,ECOPETROL,Colombia,BBB+,13.2511131332682,69.53176,41.15,43.22315,53.6,118892558000000.0,0.65555,90867895264900.0,87.47829,47898631000000.0,118892558000000.0,2017.0
CVE.TO,Cenovus Energy Inc,CVE,Canada,BBB+,1.17798388734683,81.27672,,-2.34657,15.5,40933000000.0,0.44647,14105446507.88,47.70032,19981000000.0,40933000000.0,2017.0
NIIS.BEL,NIS ad Novi Sad,NIIS,Republic of Serbia,AA-,9.57235100361562,64.35689,21.03544,21.20588,,387554372000.0,0.13751,117649464943.482,29.18987,225051510000.0,387554372000.0,2017.0
IOG.L,Iog PLC,IOG,United Kingdom,BB-,-11.5243529651518,94.2611,0.0,,0.0,22635000.0,,23140353.5825,,-4766000.0,22635000.0,2017.0
2222.SE,Saudi Arabian Oil Co,2222,Saudi Arabia,AA-,64.9912686286899,68.12679,,51.04912,,1102553000000.0,-0.01222,,9.39086,813758000000.0,1102553000000.0,2017.0
RNFT.MM,NK Russneft' PAO,RNFT,Russia,BB-,7.86537082177179,54.4016,,35.2451,,225043000000.0,1.18973,179972028000.0,121.90914,51742000000.0,225043000000.0,2017.0
UNTC.PK,Unit Corp,UNTC,United States of America,BB,3.53948659115671,92.30239,,39.2704,35.73333,2581452000.0,0.65691,1163352520.0,65.74281,1345560000.0,2581452000.0,2017.0
XOM.N,Exxon Mobil Corp,XOM,United States of America,A+,0.331059070700211,73.93692,-5.09474,-5.09474,27.06,330314000000.0,0.22496,374280539604.76,24.5999,167325000000.0,330314000000.0,2016.0
TTEF.PA,TotalEnergies SE,TTE,France,A,4.51512569968153,48.47691,25.0,13.51728,28.89,230978000000.0,0.23856,124367528839.024,52.5095,98680000000.0,230978000000.0,2016.0
BP.L,BP PLC,BP.,United Kingdom,A-,0.786274176717548,49.27805,,,21.33333,263316000000.0,0.35906,122416683608.961,60.20053,95286000000.0,263316000000.0,2016.0
CVX.N,Chevron Corp,CVX,United States of America,A+,-1.84865822503135,70.05052,,,147.46667,260078000000.0,0.26666,222190448964.0,31.43768,145556000000.0,260078000000.0,2016.0
TTLC.CI,Total Cote d'Ivoire SA,TTLC,Ivory Coast,A,24.6310984045006,39.42148,,35.30466,,99149000000.0,0.07285,251909361600.0,32.81171,31504000000.0,99149000000.0,2016.0
OXY.N,Occidental Petroleum Corp,OXY,United States of America,BB-,-2.53703249038383,75.01218,,,26.34,43109000000.0,0.35289,54433146498.85,45.67614,21497000000.0,43109000000.0,2016.0
GAZP.MM,Gazprom PAO,GAZP,Russia,BBB,5.26875180308128,67.98741,,22.41269,,16918938000000.0,0.16793,3658741418695.0,24.73049,11094531000000.0,16918938000000.0,2016.0
MOLB.BU,MOL Magyar Olajes Gazipari Nyrt,MOL,Hungary,A,13.1144046988179,53.44867,7.068,7.66411,11.3,4103786000000.0,0.32675,2113603905405.0,48.411,1502625000000.0,4103786000000.0,2016.0
MGMC.OM,Muscat Gases Company SAOG,MGMC,Oman,A+,4.45039988838183,24.5025,,21.50928,,10603000.0,-0.09345,18360000.0,,8240000.0,10603000.0,2016.0
IMO.TO,Imperial Oil Ltd,IMO,Canada,A+,0.54005400540054,87.22572,,11.41571,21.1,41654000000.0,0.19356,39591349803.81,20.91843,25021000000.0,41654000000.0,2016.0
SU.TO,Suncor Energy Inc,SU,Canada,A-,0.400063586265367,82.63286,27.0,-417.44186,-48.8,88702000000.0,0.32297,73166637268.3,39.05445,44630000000.0,88702000000.0,2016.0
ENI.MI,Eni SpA,ENI,Italy,A-,1.91146832430857,56.8413,79.7,217.04036,116.325,124545000000.0,0.28559,56220847055.1,51.31108,53037000000.0,124545000000.0,2016.0
600028.SS,China Petroleum & Chemical Corp,600028,China,AA-,7.03799045007214,54.72909,25.92361,25.92361,24.55,1498609000000.0,0.06741,642613189867.249,23.85754,712232000000.0,1498609000000.0,2016.0
600617.SS,Shanxi Guoxin Energy Corp Ltd,600617,China,BB-,5.98549316249661,72.70974,29.90809,30.59463,26.51,21723053987.49,3.01603,11090791091.6668,348.91077,3737734691.57,21723053987.49,2016.0
PETR4.SA,Petroleo Brasileiro SA Petrobras,PETR4,Brazil,A,5.70982337978009,71.04535,24.41,,8.1,804945000000.0,1.22196,209377549423.04,150.55095,250230000000.0,804945000000.0,2016.0
OMVV.VI,OMV AG,OMV,Austria,BBB,4.54545454545455,45.50635,-20.43,,5.626,32112000000.0,0.22779,10983272718.12,37.88869,8684000000.0,32112000000.0,2016.0
REP.MC,Repsol SA,REP,Spain,BBB+,2.30089749167771,42.09317,23.31544,20.89792,24.08889,64849000000.0,0.2833,20081753100.42,47.71332,30871000000.0,64849000000.0,2016.0
LKOH.MM,NK Lukoil PAO,LKOH,Russia,A+,9.85126376326676,67.62886,23.805,23.8053,20.0,5014673000000.0,0.13021,2933592666495.0,21.64383,3220880000000.0,5014673000000.0,2016.0
ONGC.NS,Oil and Natural Gas Corporation Ltd,ONGC,India,A-,10.3986530863463,48.88518,30.80447,30.07949,31.80909,4453974780000.0,0.28135,2374148508300.0,38.64263,1951712650000.0,4453974780000.0,2016.0
YPFD.BA,YPF SA,YPFD3,Argentina,BB+,3.84037536053733,73.13832,,,,421139000000.0,1.14646,101854594597.0,130.07222,118755000000.0,421139000000.0,2016.0
SNGS.MM,Surgutneftegaz PAO,SNGS,Russia,A,6.95652750561187,33.95548,,,,3921585000000.0,-0.13711,1352722619516.2,3.08407,3445167000000.0,3921585000000.0,2016.0
SIBN.MM,Gazprom Neft' PAO,SIBN,Russia,A-,10.328723513403,67.73139,19.19,19.19326,20.0,2548811000000.0,0.41593,1014638122746.0,46.83724,1360140000000.0,2548811000000.0,2016.0
YAKG.MM,Yakutskaya Toplivno-Energeticheskaya Kompaniya PAO,YAKG,Russia,BBB+,22.7424938043572,75.37148,,19.44204,,15541241000.0,1.13875,13148018062.5,114.17108,6348086000.0,15541241000.0,2016.0
600256.SS,Guanghui Energy Co Ltd,600256,China,BBB+,2.04062861132811,83.99887,,40.25684,,43332669907.93,1.6599,24384053274.28,185.00162,11132627440.27,43332669907.93,2016.0
EQNR.OL,Equinor ASA,EQNR,Norway,A,2.40221776960448,56.97503,105.1,,92.73636,104530000000.0,0.53868,59513236853.3519,90.23904,35072000000.0,104530000000.0,2016.0
ROSNP.BX,OMV Petrom SA,SNP,Romania,A+,4.46321172526184,68.39589,17.96779,17.96779,12.8,41414110000.0,-0.01676,29662156190.3922,6.58802,26769350000.0,41414110000.0,2016.0
PTT.BK,PTT PCL,PTT,Thailand,A-,9.39600079788374,55.73334,17.12411,17.12411,18.58,2232331083355.0,0.18934,1062543460500.0,52.39426,762947649190.0,2232331083355.0,2016.0
ELIr.AT,Elinoil Hellenic Petroleum Company SA,ELIN,Greece,BBB-,20.2593150982525,17.48647,,27.98614,,156090984.99,0.82344,23828130.0,119.32087,49969571.72,156090984.99,2016.0
NVTK.MM,Novatek PAO,NVTK,Russia,A+,19.4675838384251,34.4245,,13.98314,,963834000000.0,0.25613,2404450721400.0,32.95703,648350000000.0,963834000000.0,2016.0
PEA.TO,Pieridae Energy Ltd,PEA,Canada,BB+,-2.33982080673395,49.91886,,,,91218740.0,-0.00764,20119604.7,0.2917,74718001.0,91218740.0,2016.0
ENER.KW,Energy House Holding Company KSCP,ENERGYH,Kuwait,BBB,-18.1059338747442,13.80796,,,,51169175.0,0.02612,31500000.0,17.30995,32637743.0,51169175.0,2016.0
PGN.WA,Polskie Gornictwo Naftowe i Gazownictwo SA,PGN,Poland,A-,11.2441897641475,66.73579,26.82243,26.82243,19.0,49672000000.0,0.01593,33217000000.0,19.34757,32828000000.0,49672000000.0,2016.0
SHEL.L,Shell PLC,SHEL,United Kingdom,A-,0.770778971382605,57.40636,14.788,14.78773,38.645,411275000000.0,0.39093,229753726443.549,49.05602,186646000000.0,411275000000.0,2016.0
ECHOE.L,Echo Energy PLC,ECHO,United Kingdom,CCC+,-44.8552006265346,0.38679,,,,1163136.5341,-0.35995,2192904.00529211,0.0,633494.52285,1163136.5341,2016.0
DANA.AD,Dana Gas PJSC,DANA,United Arab Emirates,AA+,3.23565323565324,29.34927,,,,3765000000.0,0.17326,1024824396.51407,28.50467,2781000000.0,3765000000.0,2016.0
ROSN.MM,NK Rosneft' PAO,ROSN,Russia,BB-,7.92875255117818,64.32491,,36.59306,,11117000000000.0,0.56848,4268946024687.6,89.52935,3302000000000.0,11117000000000.0,2016.0
GALP.LS,Galp Energia SGPS SA,GALP,Portugal,BBB+,5.64336188343211,47.5122,77.479,61.26011,37.15,12439145000.0,0.28566,10942918206.99,44.36056,4980471000.0,12439145000.0,2016.0
GSP.MI,Gas Plus SpA,GSP,Italy,B,0.199656904284563,20.03005,,,,531801000.0,0.10977,108950738.12,19.45411,213803000.0,531801000.0,2016.0
INAI.ZA,INA dd,INA-R-A,Croatia,AA-,5.2701289647961,61.96038,,79.39262,,20292000000.0,0.23648,28993500000.0,29.41399,10733000000.0,20292000000.0,2016.0
601857.SS,PetroChina Co Ltd,601857,China,A+,2.57425058384336,72.55149,34.93,34.91326,30.28,2396950000000.0,0.3032,1396475686423.18,38.32435,1189319000000.0,2396950000000.0,2016.0
ECO.CN,Ecopetrol SA,ECOPETROL,Colombia,BBB+,8.6131357695086,69.74853,,65.94436,,121307418000000.0,0.84829,56741038672200.0,115.23026,43673854000000.0,121307418000000.0,2016.0
CVE.TO,Cenovus Energy Inc,CVE,Canada,BBB+,-1.0146173688736,71.3081,-33.04,,36.33333,25258000000.0,0.22761,16913859129.3,54.85764,11590000000.0,25258000000.0,2016.0
NIIS.BEL,NIS ad Novi Sad,NIIS,Republic of Serbia,AA-,5.62613755364926,64.16571,,14.89778,,374316520000.0,0.25647,120182119356.705,37.16488,201480512000.0,374316520000.0,2016.0
IOG.L,Iog PLC,IOG,United Kingdom,BB-,-5.98876404494382,54.21557,0.0,,0.0,13889000.0,,20624365.76625,,-4300000.0,13889000.0,2016.0
2222.SE,Saudi Arabian Oil Co,2222,Saudi Arabia,AA-,,67.54162,,83.69675,,940703000000.0,-0.01137,,7.13392,724590000000.0,940703000000.0,2016.0
RNFT.MM,NK Russneft' PAO,RNFT,Russia,BB-,8.97849726306488,52.27484,,28.5608,,214455000000.0,1.27506,164236608000.0,137.90008,45051000000.0,214455000000.0,2016.0
UNTC.PK,Unit Corp,UNTC,United States of America,BB,0.585895905961692,92.0059,37.67017,,38.0,2479303000.0,0.72563,1383450799.66,72.63804,1194070000.0,2479303000.0,2016.0
XOM.N,Exxon Mobil Corp,XOM,United States of America,A+,4.53912853523876,74.71389,24.65173,24.65173,31.13333,336758000000.0,0.19785,324501057010.4,21.88055,170811000000.0,336758000000.0,2015.0
TTEF.PA,TotalEnergies SE,TTE,France,A,6.69500105824948,48.78655,33.1,25.67169,38.93333,224484000000.0,0.25786,109282420097.963,56.66237,92494000000.0,224484000000.0,2015.0
BP.L,BP PLC,BP.,United Kingdom,A-,1.61711835959962,49.55773,31.0,,24.77778,261832000000.0,0.26995,95898081996.1387,54.03966,97216000000.0,261832000000.0,2015.0
CVX.N,Chevron Corp,CVX,United States of America,A+,-0.06171104437489,71.21645,2.72615,2.72615,27.1,264540000000.0,0.17686,169308021891.84,25.05036,152716000000.0,264540000000.0,2015.0
TTLC.CI,Total Cote d'Ivoire SA,TTLC,Ivory Coast,A,30.5175248240942,35.30635,,31.25,,95725000000.0,0.05912,125923200000.0,20.95446,32542000000.0,95725000000.0,2015.0
OXY.N,Occidental Petroleum Corp,OXY,United States of America,BB-,1.42110614551559,72.88581,13.73399,,38.375,43409000000.0,0.20961,51636182238.31,34.10678,24350000000.0,43409000000.0,2015.0
GAZP.MM,Gazprom PAO,GAZP,Russia,BBB,8.51455184283176,64.53117,12.97,12.97413,20.0,17052040000000.0,0.1897,3221728370561.0,31.53765,10589586000000.0,17052040000000.0,2015.0
MOLB.BU,MOL Magyar Olajes Gazipari Nyrt,MOL,Hungary,A,26.2506294333356,56.30746,-7.21118,,16.6,3914883000000.0,0.25195,1489910989420.0,36.79989,1452219000000.0,3914883000000.0,2015.0
MGMC.OM,Muscat Gases Company SAOG,MGMC,Oman,A+,16.3136070037692,59.10935,,9.32192,,10372204.0,-0.10519,24840000.0,,8485711.0,10372204.0,2015.0
IMO.TO,Imperial Oil Ltd,IMO,Canada,A+,5.03951752815796,87.55849,25.5,41.65367,-415.0,43170000000.0,0.35488,38209763415.88,36.35432,23425000000.0,43170000000.0,2015.0
SU.TO,Suncor Energy Inc,SU,Canada,A-,-0.073390351991419,81.04531,26.97,,72.5,77527000000.0,0.28828,51634696658.4,39.19926,39039000000.0,77527000000.0,2015.0
ENI.MI,Eni SpA,ENI,Italy,A-,3.67950759927652,48.92411,95.1,,80.30833,139001000000.0,0.30089,50151757554.0,48.41227,55493000000.0,139001000000.0,2015.0
600028.SS,China Petroleum & Chemical Corp,600028,China,AA-,6.08010605242454,61.20318,22.53972,22.48587,24.7,1447268000000.0,0.2402,573987901449.37,32.84315,677538000000.0,1447268000000.0,2015.0
600617.SS,Shanxi Guoxin Energy Corp Ltd,600617,China,BB-,9.43047430181119,73.23026,27.50124,27.46297,25.0,17699935854.61,2.16171,16022742551.652,270.22509,3615818821.82,17699935854.61,2015.0
PETR4.SA,Petroleo Brasileiro SA Petrobras,PETR4,Brazil,A,5.69980637359691,69.97073,14.69,,,900135000000.0,1.49517,101315518676.54,188.63335,254731000000.0,900135000000.0,2015.0
OMVV.VI,OMV AG,OMV,Austria,BBB,4.15029716933615,50.33064,34.25877,,9.02,32664000000.0,0.27752,8551636356.51,37.60666,9441000000.0,32664000000.0,2015.0
REP.MC,Repsol SA,REP,Spain,BBB+,-0.537818845792066,44.62624,45.17588,,26.88333,63196000000.0,0.42455,14590847066.84,56.69992,28541000000.0,63196000000.0,2015.0
LKOH.MM,NK Lukoil PAO,LKOH,Russia,A+,11.2427769595601,67.94304,24.76433,24.76433,20.0,5020607000000.0,0.17908,1995336339904.5,26.60518,3222468000000.0,5020607000000.0,2015.0
ONGC.NS,Oil and Natural Gas Corporation Ltd,ONGC,India,A-,8.32257244697456,50.42409,37.04998,34.66292,33.08333,3425856280000.0,0.09131,1831730434692.0,22.92571,1978136420000.0,3425856280000.0,2015.0
YPFD.BA,YPF SA,YPFD3,Argentina,BB+,9.25646576278911,74.53646,84.77,84.77101,71.0,363453000000.0,0.74348,86497753210.85,87.78858,120413000000.0,363453000000.0,2015.0
SNGS.MM,Surgutneftegaz PAO,SNGS,Russia,A,7.09203307026893,30.37666,14.654,17.17729,,4051759000000.0,-0.15426,1554411542045.25,2.32863,3582439000000.0,4051759000000.0,2015.0
SIBN.MM,Gazprom Neft' PAO,SIBN,Russia,A-,11.2099854521081,63.87748,20.114,20.11138,17.6,2485466000000.0,0.51161,729923079424.05,65.52705,1157069000000.0,2485466000000.0,2015.0
YAKG.MM,Yakutskaya Toplivno-Energeticheskaya Kompaniya PAO,YAKG,Russia,BBB+,26.0952570409562,86.71551,,23.12322,,11638317000.0,0.93289,13230710000.0,93.75593,5196182000.0,11638317000.0,2015.0
600256.SS,Guanghui Energy Co Ltd,600256,China,BBB+,2.57206463414096,82.1729,,24.07202,,40870858648.45,1.51111,34826902642.28,169.96539,10875922370.48,40870858648.45,2015.0
EQNR.OL,Equinor ASA,EQNR,Norway,A,7.52921239827386,56.50161,54.03,9500.0,60.50091,109742000000.0,0.35703,44920751949.2865,80.11264,40271000000.0,109742000000.0,2015.0
ROSNP.BX,OMV Petrom SA,SNP,Romania,A+,8.66359815440227,71.20501,5.0,,3.9375,41118160000.0,0.04006,16426791417.15,8.17019,25743130000.0,41118160000.0,2015.0
PTT.BK,PTT PCL,PTT,Thailand,A-,7.89347428212215,52.37416,19.159,44.05537,10.56333,2173996186034.0,0.2876,696937108500.0,60.61566,697147025225.0,2173996186034.0,2015.0
ELIr.AT,Elinoil Hellenic Petroleum Company SA,ELIN,Greece,BBB-,19.1378961385522,20.36297,,34.16499,,131448769.11,0.73392,19539066.6,126.0822,49060188.8,131448769.11,2015.0
NVTK.MM,Novatek PAO,NVTK,Russia,A+,21.0101785768061,37.69352,20.252,20.25156,,880024000000.0,0.76959,1794456846000.0,83.77611,426079000000.0,880024000000.0,2015.0
PEA.TO,Pieridae Energy Ltd,PEA,Canada,BB+,-2.12981033648339,48.82378,,,,89846211.0,-0.04432,23636254.6,0.03612,74346961.0,89846211.0,2015.0
ENER.KW,Energy House Holding Company KSCP,ENERGYH,Kuwait,BBB,-1.54847787039611,14.84893,,,,68822950.0,-0.06043,30375000.0,2.65217,53420080.0,68822950.0,2015.0
PGN.WA,Polskie Gornictwo Naftowe i Gazownictwo SA,PGN,Poland,A-,9.66933156724538,68.26597,29.13,29.13072,7.13333,48292000000.0,0.0114,30326000000.0,20.20643,31579000000.0,48292000000.0,2015.0
SHEL.L,Shell PLC,SHEL,United Kingdom,A-,2.15961933398369,53.75106,23.28,-7.47435,32.76071,340157000000.0,0.16543,146925306331.916,35.57071,162876000000.0,340157000000.0,2015.0
ECHOE.L,Echo Energy PLC,ECHO,United Kingdom,CCC+,-32.0322030597256,0.18036,,,,9092446.79597,-0.02032,3341820.03736073,,7345952.95643,9092446.79597,2015.0
DANA.AD,Dana Gas PJSC,DANA,United Arab Emirates,AA+,3.7914691943128,26.38037,8.33,8.28025,,3912000000.0,0.1334,967968792.390239,29.98955,2870000000.0,3912000000.0,2015.0
ROSN.MM,NK Rosneft' PAO,ROSN,Russia,BB-,10.1307639366827,61.14914,22.609,22.6087,,9642000000000.0,0.57153,2683988532155.25,109.90099,2886000000000.0,9642000000000.0,2015.0
GALP.LS,Galp Energia SGPS SA,GALP,Portugal,BBB+,4.47967885546246,40.77003,41.443,58.61597,32.1375,12793031000.0,0.39131,8266954417.12,57.40144,4772078000.0,12793031000.0,2015.0
GSP.MI,Gas Plus SpA,GSP,Italy,B,0.666294554795421,18.84301,,,,544536000.0,0.05228,162123728.2,20.93719,223120000.0,544536000.0,2015.0
INAI.ZA,INA dd,INA-R-A,Croatia,AA-,-0.536732640053673,62.45707,,,,20382000000.0,0.28644,29513600000.0,31.24232,10585000000.0,20382000000.0,2015.0
601857.SS,PetroChina Co Ltd,601857,China,A+,4.20582066114335,74.53316,27.167,27.16707,14.06667,2394094000000.0,0.34653,1441833860553.74,40.74774,1179968000000.0,2394094000000.0,2015.0
ECO.CN,Ecopetrol SA,ECOPETROL,Colombia,BBB+,9.54872974994124,72.42036,,,,122995950000000.0,1.00439,45639535286160.0,117.66805,43356713000000.0,122995950000000.0,2015.0
CVE.TO,Cenovus Energy Inc,CVE,Canada,BBB+,-1.41008517439951,73.32015,32.38,-2.69663,12.625,25791000000.0,0.20168,14580898097.5,53.29675,12391000000.0,25791000000.0,2015.0
NIIS.BEL,NIS ad Novi Sad,NIIS,Republic of Serbia,AA-,10.5885419379896,67.54174,,23.34248,,366015781000.0,0.51342,97836240000.0,61.56325,190697814000.0,366015781000.0,2015.0
IOG.L,Iog PLC,IOG,United Kingdom,BB-,-7.90250761659245,0.0,0.0,0.0,,16334000.0,0.10663,11807654.25,10.83408,13476000.0,16334000.0,2015.0
2222.SE,Saudi Arabian Oil Co,2222,Saudi Arabia,AA-,,,,,,,,,,,,2015.0
RNFT.MM,NK Russneft' PAO,RNFT,Russia,BB-,6.76630331202223,49.12233,,,,213862000000.0,,,,-20952000000.0,213862000000.0,2015.0
UNTC.PK,Unit Corp,UNTC,United States of America,BB,-0.49509364805321,92.18831,38.87297,,38.13333,2799842000.0,0.71608,615055777.6,71.67139,1313580000.0,2799842000.0,2015.0
XOM.N,Exxon Mobil Corp,XOM,United States of America,A+,12.1733601931622,72.29558,34.8925,34.8925,39.95,349493000000.0,0.13534,388382450000.0,16.08326,174399000000.0,349493000000.0,2014.0
TTEF.PA,TotalEnergies SE,TTE,France,A,15.9387016512101,46.50867,57.1,66.96206,53.37778,229798000000.0,0.31011,122333778663.521,59.31616,90330000000.0,229798000000.0,2014.0
BP.L,BP PLC,BP.,United Kingdom,A-,4.53206575419783,45.96894,36.0,19.13131,22.73333,284305000000.0,0.20207,116711725255.287,46.92211,111441000000.0,284305000000.0,2014.0
CVX.N,Chevron Corp,CVX,United States of America,A+,10.377389602823,68.8553,38.11294,38.11294,40.05,266026000000.0,0.09349,212067807509.3,17.81025,155028000000.0,266026000000.0,2014.0
TTLC.CI,Total Cote d'Ivoire SA,TTLC,Ivory Coast,A,31.8519989611818,26.60429,,28.773,,77168000000.0,-0.15784,117738192000.0,3.24763,31038000000.0,77168000000.0,2014.0
OXY.N,Occidental Petroleum Corp,OXY,United States of America,BB-,11.3277810390373,70.61981,137.6634,137.6634,40.33333,56259000000.0,0.08722,62507258254.29,19.56006,34959000000.0,56259000000.0,2014.0
GAZP.MM,Gazprom PAO,GAZP,Russia,BBB,8.46893125184152,65.55908,,48.76786,20.0,15177470000000.0,0.16204,3084895465999.0,26.56935,9816558000000.0,15177470000000.0,2014.0
MOLB.BU,MOL Magyar Olajes Gazipari Nyrt,MOL,Hungary,A,1.18271825321612,53.68044,-11.83765,,29.6,4642022000000.0,0.23487,1206665897780.0,43.91216,1749745000000.0,4642022000000.0,2014.0
MGMC.OM,Muscat Gases Company SAOG,MGMC,Oman,A+,19.7751405371643,55.31723,,11.1324,,9380813.0,-0.04808,24840000.0,,7263082.0,9380813.0,2014.0
IMO.TO,Imperial Oil Ltd,IMO,Canada,A+,13.2042659936287,87.12711,,24.61661,,40830000000.0,0.29632,42422330500.55,30.58589,22530000000.0,40830000000.0,2014.0
SU.TO,Suncor Energy Inc,SU,Canada,A-,7.62591169996979,77.88028,41.19826,41.19826,33.3,79671000000.0,0.1883,53434580667.3,32.03855,41603000000.0,79671000000.0,2014.0
ENI.MI,Eni SpA,ENI,Italy,A-,10.1635385797388,50.53736,65.5,78.14842,63.88,150366000000.0,0.21322,52732029138.3,39.44334,63186000000.0,150366000000.0,2014.0
600028.SS,China Petroleum & Chemical Corp,600028,China,AA-,8.89202480996017,60.71182,26.43,26.43011,25.55,1451368000000.0,0.50068,729656826010.946,51.62874,594483000000.0,1451368000000.0,2014.0
600617.SS,Shanxi Guoxin Energy Corp Ltd,600617,China,BB-,9.16626737627439,74.57128,24.52767,24.52767,,14227593398.92,2.98907,14039143560.2319,352.69512,2105652753.82,14227593398.92,2014.0
PETR4.SA,Petroleo Brasileiro SA Petrobras,PETR4,Brazil,A,3.4647737623067,73.23019,15.559,,3.35,793375000000.0,0.90767,127505603957.54,112.97398,308848000000.0,793375000000.0,2014.0
OMVV.VI,OMV AG,OMV,Austria,BBB,9.27073256077229,54.60936,30.0,33.4596,22.25714,33855000000.0,0.33244,7203272721.27,38.16315,10849000000.0,33855000000.0,2014.0
REP.MC,Repsol SA,REP,Spain,BBB+,0.897192693606309,33.03398,13.01248,13.01248,29.53636,51889000000.0,0.09857,21369621603.265,37.03441,27946000000.0,51889000000.0,2014.0
LKOH.MM,NK Lukoil PAO,LKOH,Russia,A+,11.5690992746049,66.5459,,18.72292,,4738953000000.0,0.18901,1892503242375.0,24.79448,3037378000000.0,4738953000000.0,2014.0
ONGC.NS,Oil and Natural Gas Corporation Ltd,ONGC,India,A-,9.27848300852109,51.91758,35.43033,35.43033,33.95071,3271386880000.0,0.15071,2620974398262.0,22.90701,1888772050000.0,3271386880000.0,2014.0
YPFD.BA,YPF SA,YPFD3,Argentina,BB+,14.973543948057,75.2467,,59.90848,,208554000000.0,0.54337,123877209645.0,67.74433,72630000000.0,208554000000.0,2014.0
SNGS.MM,Surgutneftegaz PAO,SNGS,Russia,A,6.32531701226361,33.64927,17.26968,17.26968,8.4,3306093000000.0,-0.24382,1067445833402.92,1.74865,2908879000000.0,3306093000000.0,2014.0
SIBN.MM,Gazprom Neft' PAO,SIBN,Russia,A-,13.279046059359,61.67637,13.172,13.172,20.2,2097724000000.0,0.38186,678005848377.0,49.87029,1065748000000.0,2097724000000.0,2014.0
YAKG.MM,Yakutskaya Toplivno-Energeticheskaya Kompaniya PAO,YAKG,Russia,BBB+,24.3808359713157,80.80256,,22.83237,,9782447000.0,0.69299,12403790625.0,69.63277,4927169000.0,9782447000.0,2014.0
600256.SS,Guanghui Energy Co Ltd,600256,China,BBB+,7.01366169876967,79.59539,,12.08991,,37636264252.2,1.33928,43651110358.24,155.78861,10801321842.49,37636264252.2,2014.0
EQNR.OL,Equinor ASA,EQNR,Norway,A,18.6847304544172,56.98407,71.3,78.28249,54.08889,132702000000.0,0.23408,56301796637.3191,60.75036,51225000000.0,132702000000.0,2014.0
ROSNP.BX,OMV Petrom SA,SNP,Romania,A+,15.2527564606231,74.87493,27.82605,27.82605,,43124770000.0,0.01857,23110796200.68,7.99244,27041570000.0,43124770000.0,2014.0
PTT.BK,PTT PCL,PTT,Thailand,A-,8.72420584971698,50.55273,39.63108,35.91163,27.658,2250351380239.0,0.39069,925441078500.0,69.1017,683286519149.0,2250351380239.0,2014.0
ELIr.AT,Elinoil Hellenic Petroleum Company SA,ELIN,Greece,BBB-,11.6709843035486,21.85025,,31.35569,,126368966.67,1.01011,21445317.0,128.81295,45375748.91,126368966.67,2014.0
NVTK.MM,Novatek PAO,NVTK,Russia,A+,21.6099088882603,41.72647,,30.14212,,699139000000.0,0.5279,1319578587600.0,63.46261,384755000000.0,699139000000.0,2014.0
PEA.TO,Pieridae Energy Ltd,PEA,Canada,BB+,38.6124172788441,47.83675,,28.52064,,84183385.0,-0.06885,23193230.32,0.06379,70101049.0,84183385.0,2014.0
ENER.KW,Energy House Holding Company KSCP,ENERGYH,Kuwait,BBB,0.653305811813573,11.55957,,,,76682806.0,-0.08193,65250000.0,0.10873,62716129.0,76682806.0,2014.0
PGN.WA,Polskie Gornictwo Naftowe i Gazownictwo SA,PGN,Poland,A-,11.6583833740478,68.52798,22.17319,22.17319,,48926000000.0,0.09546,26255000000.0,19.35099,30164000000.0,48926000000.0,2014.0
SHEL.L,Shell PLC,SHEL,United Kingdom,A-,9.98949465130903,54.50673,37.9,47.97627,44.75,353116000000.0,0.13851,215603402151.244,26.3563,171966000000.0,353116000000.0,2014.0
ECHOE.L,Echo Energy PLC,ECHO,United Kingdom,CCC+,,0.20674,,,,9804383.77924,-0.07877,4093473.77518921,,8419952.03538,9804383.77924,2014.0
DANA.AD,Dana Gas PJSC,DANA,United Arab Emirates,AA+,7.87516406591804,26.24585,28.97727,28.97727,28.0,3612000000.0,0.18598,947613764.055651,27.60148,2707000000.0,3612000000.0,2014.0
ROSN.MM,NK Rosneft' PAO,ROSN,Russia,BB-,9.417075258775,64.85806,26.778,26.77824,,8736000000000.0,1.00902,2075123216568.6,113.46755,2872000000000.0,8736000000000.0,2014.0
GALP.LS,Galp Energia SGPS SA,GALP,Portugal,BBB+,1.83520275337371,38.23077,36.508,279.60603,38.7,13215417000.0,0.39229,6501743721.151,57.03538,5004537000.0,13215417000.0,2014.0
GSP.MI,Gas Plus SpA,GSP,Italy,B,2.85673461701872,17.9248,,-234.38155,,581150000.0,0.19561,157093850.76,24.86045,220793000.0,581150000.0,2014.0
INAI.ZA,INA dd,INA-R-A,Croatia,AA-,1.46197063976318,63.19154,,,,22215000000.0,0.25652,36500000000.0,29.65695,11661000000.0,22215000000.0,2014.0
601857.SS,PetroChina Co Ltd,601857,China,A+,9.66206727763452,72.64087,24.07,24.06996,20.33333,2405376000000.0,0.34631,1895574599550.43,41.37309,1176010000000.0,2405376000000.0,2014.0
ECO.CN,Ecopetrol SA,ECOPETROL,Colombia,BBB+,16.3250355495219,71.98414,,42.89664,,110837845000000.0,0.5052,85522732788480.0,70.74448,48021386000000.0,110837845000000.0,2014.0
CVE.TO,Cenovus Energy Inc,CVE,Canada,BBB+,7.85957436954357,81.74934,32.59,37.74059,28.0,24695000000.0,0.46034,18145395252.27,54.70253,10186000000.0,24695000000.0,2014.0
NIIS.BEL,NIS ad Novi Sad,NIIS,Republic of Serbia,AA-,18.8857112311464,64.25516,,17.80688,,361667197000.0,0.54436,126371810000.0,58.97461,183773543000.0,361667197000.0,2014.0
IOG.L,Iog PLC,IOG,United Kingdom,BB-,-22.3322446537862,,,,,8221000.0,0.01054,4674224.07,7.70903,5980000.0,8221000.0,2014.0
2222.SE,Saudi Arabian Oil Co,2222,Saudi Arabia,AA-,,,,,,,,,,,,2014.0
RNFT.MM,NK Russneft' PAO,RNFT,Russia,BB-,11.909432529443,50.11287,,-18.34641,,205718568000.0,,,,-131592549000.0,205718568000.0,2014.0
UNTC.PK,Unit Corp,UNTC,United States of America,BB,6.99421038818757,92.39254,38.71808,38.87297,38.35,4473728000.0,0.37472,1690476469.0,37.5172,2332394000.0,4473728000.0,2014.0
XOM.N,Exxon Mobil Corp,XOM,United States of America,A+,14.7964166391306,70.25501,42.04224,42.04224,43.9,346808000000.0,0.10003,438702000000.0,12.57597,174003000000.0,346808000000.0,2013.0
TTEF.PA,TotalEnergies SE,TTE,France,A,15.5609662520106,43.67473,48.48,56.17392,54.94444,239223000000.0,0.23702,145471074614.908,43.9567,100241000000.0,239223000000.0,2013.0
BP.L,BP PLC,BP.,United Kingdom,A-,7.20390907755678,43.73385,35.0,21.38579,33.35,305690000000.0,0.19328,150644771285.827,36.95507,129302000000.0,305690000000.0,2013.0
CVX.N,Chevron Corp,CVX,United States of America,A+,13.2184360138735,64.95647,39.9,39.8496,41.5,253753000000.0,0.02603,240223541053.83,13.582,149113000000.0,253753000000.0,2013.0
TTLC.CI,Total Cote d'Ivoire SA,TTLC,Ivory Coast,A,32.3298382797228,25.48889,,26.84061,,68983000000.0,-0.16187,57927820080.0,3.62549,28603000000.0,68983000000.0,2013.0
OXY.N,Occidental Petroleum Corp,OXY,United States of America,BB-,12.4295126728794,80.38391,38.96,41.46562,39.72,69443000000.0,0.08176,75699600000.0,15.9988,43126000000.0,69443000000.0,2013.0
GAZP.MM,Gazprom PAO,GAZP,Russia,BBB,13.6266394770111,66.53715,21.559,21.55855,20.0,13436236000000.0,0.11296,3284699914875.0,18.70315,9319590000000.0,13436236000000.0,2013.0
MOLB.BU,MOL Magyar Olajes Gazipari Nyrt,MOL,Hungary,A,0.015769461881381,48.35487,66.859,,17.0,4659152000000.0,0.18897,1512905055900.0,45.08539,1706003000000.0,4659152000000.0,2013.0
MGMC.OM,Muscat Gases Company SAOG,MGMC,Oman,A+,19.5980473753411,58.48112,,11.61364,,8925418.0,-0.05342,26160000.0,,7099543.0,8925418.0,2013.0
IMO.TO,Imperial Oil Ltd,IMO,Canada,A+,13.186608572599,84.15283,,24.32432,,37218000000.0,0.30808,39871057477.44,32.20139,19524000000.0,37218000000.0,2013.0
SU.TO,Suncor Energy Inc,SU,Canada,A-,10.5472030440631,76.66731,38.66,38.6606,35.0,78315000000.0,0.15192,55444896407.88,27.82419,41180000000.0,78315000000.0,2013.0
ENI.MI,Eni SpA,ENI,Italy,A-,9.29659159613059,46.09118,66.5,69.91738,54.44,138341000000.0,0.2439,63561901421.7,41.86801,58210000000.0,138341000000.0,2013.0
600028.SS,China Petroleum & Chemical Corp,600028,China,AA-,12.7562520124504,60.03438,25.0,26.40181,25.0,1382916000000.0,0.47955,534001924889.238,50.37801,570346000000.0,1382916000000.0,2013.0
600617.SS,Shanxi Guoxin Energy Corp Ltd,600617,China,BB-,10.1082039222349,73.19466,26.06711,26.03282,25.0,10786094778.34,3.32934,11153744987.7258,406.49956,1162792812.46,10786094778.34,2013.0
PETR4.SA,Petroleo Brasileiro SA Petrobras,PETR4,Brazil,A,5.0761781967487,70.90351,18.96,18.2845,27.73333,752967000000.0,0.62595,214687732549.62,75.84146,347940000000.0,752967000000.0,2013.0
OMVV.VI,OMV AG,OMV,Austria,BBB,11.8644944328609,53.53868,25.0,24.53077,18.0,31848000000.0,0.29481,11385818172.33,34.89859,10873000000.0,31848000000.0,2013.0
REP.MC,Repsol SA,REP,Spain,BBB+,2.28402038770766,28.85124,40.0,33.61934,32.51111,55547000000.0,0.26034,24265133486.4,48.22651,27217000000.0,55547000000.0,2013.0
LKOH.MM,NK Lukoil PAO,LKOH,Russia,A+,14.038726188569,71.69839,,27.07019,,3599448710000.0,0.11091,1735149040200.0,13.72266,2584430420000.0,3599448710000.0,2013.0
ONGC.NS,Oil and Natural Gas Corporation Ltd,ONGC,India,A-,14.4706702741834,59.00613,32.37576,32.37575,34.74167,3242383170000.0,0.14082,2726634701244.0,28.05424,1721515300000.0,3242383170000.0,2013.0
YPFD.BA,YPF SA,YPFD3,Argentina,BB+,13.7942968740343,68.95239,,64.60134,,135595000000.0,0.43899,115618729002.0,66.10697,48016000000.0,135595000000.0,2013.0
SNGS.MM,Surgutneftegaz PAO,SNGS,Russia,A,10.5336098139609,43.93309,,18.96603,,2384986000000.0,-0.21816,1210909254393.88,1.70784,2062494000000.0,2384986000000.0,2013.0
SIBN.MM,Gazprom Neft' PAO,SIBN,Russia,A-,17.9697005980273,57.27322,,17.37322,,1563633000000.0,0.16725,695880548016.03,31.44904,952612000000.0,1563633000000.0,2013.0
YAKG.MM,Yakutskaya Toplivno-Energeticheskaya Kompaniya PAO,YAKG,Russia,BBB+,28.5508473293999,73.39345,,22.94486,,8432695000.0,0.63913,9509572812.5,72.27969,4235556000.0,8432695000.0,2013.0
600256.SS,Guanghui Energy Co Ltd,600256,China,BBB+,7.2513110143816,72.01131,,24.15887,,28959691308.13,1.26235,45635251738.16,143.48016,9318729769.22,28959691308.13,2013.0
EQNR.OL,Equinor ASA,EQNR,Norway,A,21.7924588352799,55.03462,71.6,71.6763,58.59167,145572000000.0,0.16306,77248940990.3095,51.27578,58432000000.0,145572000000.0,2013.0
ROSNP.BX,OMV Petrom SA,SNP,Romania,A+,21.041491538493,76.55874,,15.34693,,40046870000.0,0.00111,26611402095.783,6.53303,26670510000.0,40046870000.0,2013.0
PTT.BK,PTT PCL,PTT,Thailand,A-,11.4894471589032,42.93559,29.29181,29.55666,31.41714,1805039120622.0,0.39541,816901692750.0,59.03087,682310867242.0,1805039120622.0,2013.0
ELIr.AT,Elinoil Hellenic Petroleum Company SA,ELIN,Greece,BBB-,3.50255668452315,21.32683,,,,137789534.37,1.16358,20492191.8,139.7342,44353818.42,137789534.37,2013.0
NVTK.MM,Novatek PAO,NVTK,Russia,A+,23.0176773682124,40.75084,,19.82425,,597995000000.0,0.42281,1213611508200.0,44.39563,370198000000.0,597995000000.0,2013.0
PEA.TO,Pieridae Energy Ltd,PEA,Canada,BB+,,,,,,,,,,,,2013.0
ENER.KW,Energy House Holding Company KSCP,ENERGYH,Kuwait,BBB,2.43419855589935,11.85014,,12.32458,,77885263.0,-0.06643,79500000.0,2.61697,62585442.0,77885263.0,2013.0
PGN.WA,Polskie Gornictwo Naftowe i Gazownictwo SA,PGN,Poland,A-,9.69541731125257,68.27257,,29.12514,,48384000000.0,0.16989,30385000000.0,26.9251,28447000000.0,48384000000.0,2013.0
SHEL.L,Shell PLC,SHEL,United Kingdom,A-,12.4814275970933,53.67568,,50.80376,40.0,357512000000.0,0.19247,232137756232.767,24.59977,180047000000.0,357512000000.0,2013.0
ECHOE.L,Echo Energy PLC,ECHO,United Kingdom,CCC+,,,,,,,,,,,,2013.0
DANA.AD,Dana Gas PJSC,DANA,United Arab Emirates,AA+,8.53553605231458,27.26498,,25.35885,,3521000000.0,0.1978,1635715969.12521,32.04876,2540000000.0,3521000000.0,2013.0
ROSN.MM,NK Rosneft' PAO,ROSN,Russia,BB-,11.2399089215483,70.04382,,12.73585,,7531000000000.0,0.64342,2665865648088.18,74.85011,3130000000000.0,7531000000000.0,2013.0
GALP.LS,Galp Energia SGPS SA,GALP,Portugal,BBB+,3.788509430085,33.33498,31.0,36.23691,36.11667,13717418000.0,0.33855,9188503906.715,57.31229,5160906000.0,13717418000.0,2013.0
GSP.MI,Gas Plus SpA,GSP,Italy,B,5.81457859664978,18.69897,,44.0899,,601247000.0,0.3292,213320695.0,35.97382,208601000.0,601247000.0,2013.0
INAI.ZA,INA dd,INA-R-A,Croatia,AA-,5.28576866605036,61.67355,,,,25909000000.0,0.36979,35500000000.0,40.10097,12876000000.0,25909000000.0,2013.0
601857.SS,PetroChina Co Ltd,601857,China,A+,10.1326078738128,70.38912,25.0,20.10325,22.0,2342004000000.0,0.33455,1388437597147.33,39.09425,1132850000000.0,2342004000000.0,2013.0
ECO.CN,Ecopetrol SA,ECOPETROL,Colombia,BBB+,21.7400273754499,50.18224,,36.96537,,132427994000000.0,0.15454,152131784287200.0,29.3271,71119203000000.0,132427994000000.0,2013.0
CVE.TO,Cenovus Energy Inc,CVE,Canada,BBB+,9.57278667641716,74.55994,26.63,39.48812,35.23333,25224000000.0,0.42158,22977293620.8,66.81078,9946000000.0,25224000000.0,2013.0
NIIS.BEL,NIS ad Novi Sad,NIIS,Republic of Serbia,AA-,23.5881489780103,59.29246,,11.96194,,345629972000.0,0.47514,151156990800.0,52.70831,168996521000.0,345629972000.0,2013.0
IOG.L,Iog PLC,IOG,United Kingdom,BB-,-5.6984556672992,,,,,16495958.0,-0.07501,14138815.325,0.0,14937154.0,16495958.0,2013.0
2222.SE,Saudi Arabian Oil Co,2222,Saudi Arabia,AA-,,,,,,,,,,,,2013.0
RNFT.MM,NK Russneft' PAO,RNFT,Russia,BB-,20.8647196632818,68.23498,,14.69072,,123732180000.0,,,,-69003220000.0,123732180000.0,2013.0
UNTC.PK,Unit Corp,UNTC,United States of America,BB,8.3994404318788,92.54923,,38.71808,,4022390000.0,0.30835,2534871232.36,31.69046,2173392000.0,4022390000.0,2013.0
XOM.N,Exxon Mobil Corp,XOM,United States of America,A+,19.0675512181696,67.99053,,39.43424,,333795000000.0,0.01165,389648100000.0,6.74648,165863000000.0,333795000000.0,2012.0
TTEF.PA,TotalEnergies SE,TTE,France,A,20.2653835933173,40.49698,,54.75918,,225886000000.0,0.22431,121773419076.499,45.92088,93969000000.0,225886000000.0,2012.0
BP.L,BP PLC,BP.,United Kingdom,A-,6.19522262635237,41.71221,,37.94606,,300466000000.0,0.24088,132136608509.174,40.75089,118546000000.0,300466000000.0,2012.0
CVX.N,Chevron Corp,CVX,United States of America,A+,21.0792111978305,60.66906,,43.15808,,232982000000.0,-0.07017,211649564586.56,8.88183,136524000000.0,232982000000.0,2012.0
TTLC.CI,Total Cote d'Ivoire SA,TTLC,Ivory Coast,A,8.77906288240635,23.10243,,89.07216,,60011000000.0,-0.11388,46588435920.0,5.10969,22154000000.0,60011000000.0,2012.0
OXY.N,Occidental Petroleum Corp,OXY,United States of America,BB-,14.6564297311429,81.08394,,43.41224,,64210000000.0,0.15059,62068189345.1,19.03466,40016000000.0,64210000000.0,2012.0
GAZP.MM,Gazprom PAO,GAZP,Russia,BBB,13.7780536590667,66.48222,,19.6003,,11956836000000.0,0.12475,3406855241439.0,17.69578,8170733000000.0,11956836000000.0,2012.0
MOLB.BU,MOL Magyar Olajes Gazipari Nyrt,MOL,Hungary,A,5.81905751218833,54.72643,,24.1662,,4766207000000.0,0.33058,1855725683420.0,48.52441,1699116000000.0,4766207000000.0,2012.0
MGMC.OM,Muscat Gases Company SAOG,MGMC,Oman,A+,18.5828593294894,105.12219,,11.59762,,9288450.0,-0.16315,25770000.0,,7492959.0,9288450.0,2012.0
IMO.TO,Imperial Oil Ltd,IMO,Canada,A+,22.4960051874667,81.4671,,24.5744,,29364000000.0,0.07114,36217905740.03,10.05679,16377000000.0,29481000000.0,2012.0
SU.TO,Suncor Energy Inc,SU,Canada,A-,7.24060465293379,76.85501,,45.02408,,76401000000.0,0.1693,50099269887.09,28.11169,39215000000.0,76401000000.0,2012.0
ENI.MI,Eni SpA,ENI,Italy,A-,18.3982430591001,46.2209,,70.2454,,140192000000.0,0.25664,66650958952.2,38.75867,59060000000.0,140192000000.0,2012.0
600028.SS,China Petroleum & Chemical Corp,600028,China,AA-,13.0767993776552,60.76835,,26.29762,,1247271000000.0,0.49744,603113777139.593,51.71694,513374000000.0,1247271000000.0,2012.0
600617.SS,Shanxi Guoxin Energy Corp Ltd,600617,China,BB-,16.0967248175359,71.58462,,23.17289,,7515596459.53,2.3457,1140072119.41489,298.96321,1099577912.05,7515596459.53,2012.0
PETR4.SA,Petroleo Brasileiro SA Petrobras,PETR4,Brazil,A,5.77709304977953,62.58539,,24.48024,,669031561000.0,0.4405,254851853697.86,58.72036,328421405000.0,669031561000.0,2012.0
OMVV.VI,OMV AG,OMV,Austria,BBB,15.3743720696862,47.01016,,37.34148,,30519170000.0,0.25661,8952545447.085,34.23292,11161670000.0,30681297000.0,2012.0
REP.MC,Repsol SA,REP,Spain,BBB+,6.65399597297755,43.479,,48.43266,,64921000000.0,0.65696,19666346643.38,88.64272,26763000000.0,64921000000.0,2012.0
LKOH.MM,NK Lukoil PAO,LKOH,Russia,A+,16.7025109280542,67.58521,,20.38913,,3023505952500.0,0.04611,1708866635620.5,8.92462,2236656867500.0,3023505952500.0,2012.0
ONGC.NS,Oil and Natural Gas Corporation Ltd,ONGC,India,A-,16.7511523970062,59.55912,,34.70645,,2534606420000.0,0.00666,2664179623368.0,13.39098,1525275700000.0,2534606420000.0,2012.0
YPFD.BA,YPF SA,YPFD3,Argentina,BB+,15.9595306851915,71.25918,,54.4425,,79949000000.0,0.3953,38932837317.0,54.71529,31260000000.0,79949000000.0,2012.0
SNGS.MM,Surgutneftegaz PAO,SNGS,Russia,A,12.6632610796631,44.44676,,19.4742,,2070963000000.0,-0.19007,1112393574712.81,1.47903,1813179000000.0,2070963000000.0,2012.0
SIBN.MM,Gazprom Neft' PAO,SIBN,Russia,A-,27.4951840578253,57.08525,,17.76028,,1328210000000.0,0.17076,675730024550.28,28.00688,829382000000.0,1328210000000.0,2012.0
YAKG.MM,Yakutskaya Toplivno-Energeticheskaya Kompaniya PAO,YAKG,Russia,BBB+,26.0601048494325,56.78097,,26.75267,,9441296000.0,0.94362,7855734062.5,112.9534,3672398000.0,9441296000.0,2012.0
600256.SS,Guanghui Energy Co Ltd,600256,China,BBB+,4.63808456119428,64.32067,,20.89525,,23212326665.03,1.0163,57436500850.52,123.41066,8098945125.0,23212326665.03,2012.0
EQNR.OL,Equinor ASA,EQNR,Norway,A,33.370505972963,55.97909,,66.37639,,141003055905.087,0.13004,79326677879.6557,37.32416,57379111989.9335,141003055905.087,2012.0
ROSNP.BX,OMV Petrom SA,SNP,Romania,A+,20.4551221236899,74.74865,,18.2369,,38144620000.0,0.06886,24249342778.2135,10.1567,23438270000.0,38144620000.0,2012.0
PTT.BK,PTT PCL,PTT,Thailand,A-,13.3142979683165,42.08586,,27.03263,,1629511031181.0,0.42725,948291475500.0,62.3627,603920176520.0,1629511031181.0,2012.0
ELIr.AT,Elinoil Hellenic Petroleum Company SA,ELIN,Greece,BBB-,3.09562786167883,24.07275,,,,131965410.83,1.25336,40031258.4,143.80228,46332123.95,131965410.83,2012.0
NVTK.MM,Novatek PAO,NVTK,Russia,A+,23.1260142367476,42.61756,,19.45601,,463133000000.0,0.39158,1050440423760.0,45.48113,290050000000.0,463133000000.0,2012.0
PEA.TO,Pieridae Energy Ltd,PEA,Canada,BB+,,81.17935,,,,,-0.08072,59162436.0,0.15024,,,2012.0
ENER.KW,Energy House Holding Company KSCP,ENERGYH,Kuwait,BBB,-9.59661155386172,7.74305,,,,82860117.0,-0.08177,54750000.0,6.58667,62001834.0,82860117.0,2012.0
PGN.WA,Polskie Gornictwo Naftowe i Gazownictwo SA,PGN,Poland,A-,8.36531525032463,70.4876,,12.1224,,47929000000.0,0.30382,30739000000.0,37.54458,27193000000.0,47929000000.0,2012.0
SHEL.L,Shell PLC,SHEL,United Kingdom,A-,15.5229139778338,49.18526,,46.62654,,350294000000.0,0.109,221810219488.582,21.42898,174749000000.0,350294000000.0,2012.0
ECHOE.L,Echo Energy PLC,ECHO,United Kingdom,CCC+,-9.38624302129791,73.89101,,,,23118105.25975,-0.0547,8613027.8161672,,19670374.68076,23118105.25975,2012.0
DANA.AD,Dana Gas PJSC,DANA,United Arab Emirates,AA+,13.2850755801576,26.95402,,27.63158,,3480000000.0,0.20314,790960082.775146,38.06372,2413000000.0,3480000000.0,2012.0
ROSN.MM,NK Rosneft' PAO,ROSN,Russia,BB-,10.7372285102478,66.20499,,22.17484,,3971000000000.0,0.28036,2862673810149.87,42.67873,2283000000000.0,3971000000000.0,2012.0
GALP.LS,Galp Energia SGPS SA,GALP,Portugal,BBB+,6.83973580591742,32.28166,,30.41517,,13908574000.0,0.25278,9068972382.96,53.42882,5401174000.0,13908574000.0,2012.0
GSP.MI,Gas Plus SpA,GSP,Italy,B,7.48344382225899,17.83802,,43.05257,,679100000.0,0.43178,222302619.0,45.29367,204771000.0,679100000.0,2012.0
INAI.ZA,INA dd,INA-R-A,Croatia,AA-,10.9475489495498,66.36879,,35.61387,,28200000000.0,0.44563,39210000000.0,47.82667,14955000000.0,28200000000.0,2012.0
601857.SS,PetroChina Co Ltd,601857,China,A+,11.7542508603022,72.37091,,21.69654,,2168837000000.0,0.32805,1650007378148.67,37.881,1064147000000.0,2168837000000.0,2012.0
ECO.CN,Ecopetrol SA,ECOPETROL,Colombia,BBB+,28.9426365573511,48.91455,,31.94291,,113879578000000.0,0.06524,224497173569760.0,20.35225,64740881000000.0,113879578000000.0,2012.0
CVE.TO,Cenovus Energy Inc,CVE,Canada,BBB+,10.5856309116522,72.00611,,44.03825,,24216000000.0,0.56297,25132024206.79,68.1558,9782000000.0,24216000000.0,2012.0
NIIS.BEL,NIS ad Novi Sad,NIIS,Republic of Serbia,AA-,30.5546651535133,53.64736,,4.08035,,292869349000.0,0.16984,120012454400.0,30.39998,133090660000.0,292869349000.0,2012.0
IOG.L,Iog PLC,IOG,United Kingdom,BB-,-2.69515272459838,,,,,15224337.0,0.02862,,3.03603,13054997.0,15224337.0,2012.0
2222.SE,Saudi Arabian Oil Co,2222,Saudi Arabia,AA-,,,,,,,,,,,,2012.0
RNFT.MM,NK Russneft' PAO,RNFT,Russia,BB-,17.2042611102191,69.82527,,47.68212,,136386360000.0,,,,-91718605000.0,136386360000.0,2012.0
UNTC.PK,Unit Corp,UNTC,United States of America,BB,10.2536984588094,92.45177,,41.18065,,3761120000.0,0.38519,2187855006.95,38.56808,1974301000.0,3761120000.0,2012.0
XOM.N,Exxon Mobil Corp,XOM,United States of America,A+,,,,42.38639,,,,,,,,2011.0
TTEF.PA,TotalEnergies SE,TTE,France,A,,,,52.7654,,,,,,,,2011.0
BP.L,BP PLC,BP.,United Kingdom,A-,,,,33.00984,,,,,,,,2011.0
CVX.N,Chevron Corp,CVX,United States of America,A+,,,,43.301,,,,,,,,2011.0
TTLC.CI,Total Cote d'Ivoire SA,TTLC,Ivory Coast,A,,,,35.00428,,,,,,,,2011.0
OXY.N,Occidental Petroleum Corp,OXY,United States of America,BB-,,,,40.16636,,,,,,,,2011.0
GAZP.MM,Gazprom PAO,GAZP,Russia,BBB,,,,16.67604,,,,,,,,2011.0
MOLB.BU,MOL Magyar Olajes Gazipari Nyrt,MOL,Hungary,A,,,,15.16786,,,,,,,,2011.0
MGMC.OM,Muscat Gases Company SAOG,MGMC,Oman,A+,,,,11.60499,,,,,,,,2011.0
IMO.TO,Imperial Oil Ltd,IMO,Canada,A+,,,,23.49069,,,,,,,,2011.0
SU.TO,Suncor Energy Inc,SU,Canada,A-,,,,39.11444,,,,,,,,2011.0
ENI.MI,Eni SpA,ENI,Italy,A-,,,,55.69741,,,,,,,,2011.0
600028.SS,China Petroleum & Chemical Corp,600028,China,AA-,,,,25.11156,,,,,,,,2011.0
600617.SS,Shanxi Guoxin Energy Corp Ltd,600617,China,BB-,,,,30.13259,,,,,,,,2011.0
PETR4.SA,Petroleo Brasileiro SA Petrobras,PETR4,Brazil,A,,,,25.34631,,,,,,,,2011.0
OMVV.VI,OMV AG,OMV,Austria,BBB,,,,28.50072,,,,,,,,2011.0
REP.MC,Repsol SA,REP,Spain,BBB+,,,,35.91881,,,,,,,,2011.0
LKOH.MM,NK Lukoil PAO,LKOH,Russia,A+,,,,25.101,,,,,,,,2011.0
ONGC.NS,Oil and Natural Gas Corporation Ltd,ONGC,India,A-,,,,33.58276,,,,,,,,2011.0
YPFD.BA,YPF SA,YPFD3,Argentina,BB+,,,,41.40522,,,,,,,,2011.0
SNGS.MM,Surgutneftegaz PAO,SNGS,Russia,A,,,,20.00506,,,,,,,,2011.0
SIBN.MM,Gazprom Neft' PAO,SIBN,Russia,A-,,,,19.25987,,,,,,,,2011.0
YAKG.MM,Yakutskaya Toplivno-Energeticheskaya Kompaniya PAO,YAKG,Russia,BBB+,,,,374.04332,,,,,,,,2011.0
600256.SS,Guanghui Energy Co Ltd,600256,China,BBB+,,,,20.69226,,,,,,,,2011.0
EQNR.OL,Equinor ASA,EQNR,Norway,A,,,,63.31714,,,,,,,,2011.0
ROSNP.BX,OMV Petrom SA,SNP,Romania,A+,,,,18.44317,,,,,,,,2011.0
PTT.BK,PTT PCL,PTT,Thailand,A-,,,,25.5162,,,,,,,,2011.0
ELIr.AT,Elinoil Hellenic Petroleum Company SA,ELIN,Greece,BBB-,,,,,,,,,,,,2011.0
NVTK.MM,Novatek PAO,NVTK,Russia,A+,,,,11.65266,,,,,,,,2011.0
PEA.TO,Pieridae Energy Ltd,PEA,Canada,BB+,,,,29.4224,,,,,,,,2011.0
ENER.KW,Energy House Holding Company KSCP,ENERGYH,Kuwait,BBB,,,,,,,,,,,,2011.0
PGN.WA,Polskie Gornictwo Naftowe i Gazownictwo SA,PGN,Poland,A-,,,,7.53425,,,,,,,,2011.0
SHEL.L,Shell PLC,SHEL,United Kingdom,A-,,,,44.01995,,,,,,,,2011.0
ECHOE.L,Echo Energy PLC,ECHO,United Kingdom,CCC+,,,,,,,,,,,,2011.0
DANA.AD,Dana Gas PJSC,DANA,United Arab Emirates,AA+,,,,37.83784,,,,,,,,2011.0
ROSN.MM,NK Rosneft' PAO,ROSN,Russia,BB-,,,,21.17647,,,,,,,,2011.0
GALP.LS,Galp Energia SGPS SA,GALP,Portugal,BBB+,,,,25.21862,,,,,,,,2011.0
GSP.MI,Gas Plus SpA,GSP,Italy,B,,,,1596.58793,,,,,,,,2011.0
INAI.ZA,INA dd,INA-R-A,Croatia,AA-,,,,24.11616,,,,,,,,2011.0
601857.SS,PetroChina Co Ltd,601857,China,A+,,,,20.76722,,,,,,,,2011.0
ECO.CN,Ecopetrol SA,ECOPETROL,Colombia,BBB+,,,,33.6516,,,,,,,,2011.0
CVE.TO,Cenovus Energy Inc,CVE,Canada,BBB+,,,,33.03126,,,,,,,,2011.0
NIIS.BEL,NIS ad Novi Sad,NIIS,Republic of Serbia,AA-,,,,-2.26172,,,,,,,,2011.0
IOG.L,Iog PLC,IOG,United Kingdom,BB-,,,,,,,,,,,,2011.0
2222.SE,Saudi Arabian Oil Co,2222,Saudi Arabia,AA-,,,,,,,,,,,,2011.0
RNFT.MM,NK Russneft' PAO,RNFT,Russia,BB-,,,,,,,,,,,,2011.0
UNTC.PK,Unit Corp,UNTC,United States of America,BB,,,,38.60007,,,,,,,,2011.0
XOM.N,Exxon Mobil Corp,XOM,United States of America,A+,19.0540415397292,65.9641,,40.71263,,302510000000.0,0.04707,368711734643.52,9.8337,146839000000.0,302510000000.0,2010.0
TTEF.PA,TotalEnergies SE,TTE,France,A,19.2843053625965,38.24434,,48.62372,,192252023276.035,0.2406,124560186462.778,49.6744,80815998929.8375,192252023276.035,2010.0
BP.L,BP PLC,BP.,United Kingdom,A-,-6.99502234056833,72.8012,,,,272262000000.0,0.2633,136537814601.644,47.27868,94987000000.0,272262000000.0,2010.0
CVX.N,Chevron Corp,CVX,United States of America,A+,18.0380532146706,56.55927,,40.3026,,184769000000.0,-0.05287,183634100077.5,10.84575,105081000000.0,184769000000.0,2010.0
TTLC.CI,Total Cote d'Ivoire SA,TTLC,Ivory Coast,A,23.3686513313634,18.28279,,26.74546,,56359000000.0,-0.06554,52254979920.0,5.72373,27220000000.0,56359000000.0,2010.0
OXY.N,Occidental Petroleum Corp,OXY,United States of America,BB-,18.8208148642905,69.68264,,40.69846,,52432000000.0,0.07798,79714667764.8,15.7339,32484000000.0,52432000000.0,2010.0
GAZP.MM,Gazprom PAO,GAZP,Russia,BBB,14.4956105252703,59.4027,,21.86108,,9235993000000.0,0.13268,4583665567698.0,20.12507,6249751000000.0,9235993000000.0,2010.0
MOLB.BU,MOL Magyar Olajes Gazipari Nyrt,MOL,Hungary,A,7.62385645491824,59.87399,,36.79759,,4485729000000.0,0.46733,2172939282360.0,62.59389,1435070000000.0,4480620000000.0,2010.0
MGMC.OM,Muscat Gases Company SAOG,MGMC,Oman,A+,23.2758125126415,24.87106,,11.46476,,9691792.0,-0.40945,22912213.5004278,,8184217.0,9691792.0,2010.0
IMO.TO,Imperial Oil Ltd,IMO,Canada,A+,18.4553858257392,154.56754,,25.18619,,20580000000.0,0.0909,34396925267.38,11.47893,11177000000.0,21689000000.0,2010.0
SU.TO,Suncor Energy Inc,SU,Canada,A-,8.352520575701,98.92868,,42.56668,,68607000000.0,0.31979,59861660515.8,35.03921,35192000000.0,68607000000.0,2010.0
ENI.MI,Eni SpA,ENI,Italy,A-,17.2862312147522,51.11785,,54.15589,,131860000000.0,0.4639,65447564033.84,49.85465,51206000000.0,131860000000.0,2010.0
600028.SS,China Petroleum & Chemical Corp,600028,China,AA-,16.4360304282126,63.18662,,24.79497,,985389000000.0,0.43205,669424407204.735,47.21217,421127000000.0,985389000000.0,2010.0
600617.SS,Shanxi Guoxin Energy Corp Ltd,600617,China,BB-,,3.65761,,0.0,,60632012.75,,1479923857.8648,,-75918549.83,60632012.75,2010.0
PETR4.SA,Petroleo Brasileiro SA Petrobras,PETR4,Brazil,A,12.7590817887336,54.19312,,25.10479,,516845748000.0,0.19637,380246721722.62,37.42303,306765182000.0,516845748000.0,2010.0
OMVV.VI,OMV AG,OMV,Austria,BBB,13.1256110353458,58.41134,,38.07505,,26418932000.0,0.41597,9330000000.0,53.15364,9003954000.0,27314456000.0,2010.0
REP.MC,Repsol SA,REP,Spain,BBB+,8.90947825387893,49.65918,,26.04276,,67631000000.0,0.57373,25455003203.55,84.70264,24250000000.0,68442000000.0,2010.0
LKOH.MM,NK Lukoil PAO,LKOH,Russia,A+,16.6071118654332,65.02136,,20.49695,,2568567724000.0,0.14525,1473192568925.1,18.77936,1809770684000.0,2568567724000.0,2010.0
ONGC.NS,Oil and Natural Gas Corporation Ltd,ONGC,India,A-,20.7240659302186,56.14796,,33.48069,,1930688690000.0,0.01101,2481947683812.0,5.71467,1153272460000.0,1930688690000.0,2010.0
YPFD.BA,YPF SA,YPFD3,Argentina,BB+,33.4711035749611,123.96059,,35.80931,,46589000000.0,0.27637,78859215016.55,40.90861,19040000000.0,46589000000.0,2010.0
SNGS.MM,Surgutneftegaz PAO,SNGS,Russia,A,10.1810354838049,38.22199,,19.12077,,1436610000000.0,-0.21236,1272662391605.18,0.03944,1354093000000.0,1436610000000.0,2010.0
SIBN.MM,Gazprom Neft' PAO,SIBN,Russia,A-,17.9569841036079,50.41332,,19.65412,,998542664000.0,0.25749,608166504694.53,31.70882,576496204000.0,998542664000.0,2010.0
YAKG.MM,Yakutskaya Toplivno-Energeticheskaya Kompaniya PAO,YAKG,Russia,BBB+,19.5655162614583,67.75341,,28.30466,,6550016000.0,0.32818,3136016587.52389,37.19573,4018394000.0,6550016000.0,2010.0
600256.SS,Guanghui Energy Co Ltd,600256,China,BBB+,12.0084944217951,54.50767,,25.06677,,12682617178.0,1.0263,51928945671.33,118.46756,3867173722.0,12682617178.0,2010.0
EQNR.OL,Equinor ASA,EQNR,Norway,A,37.5022323318394,54.65568,,72.48549,,110498471263.183,0.33525,75114978665.4089,49.24912,37703115874.8154,110498471263.183,2010.0
ROSNP.BX,OMV Petrom SA,SNP,Romania,A+,10.7673561980672,68.39342,,15.95466,,34765260000.0,0.11701,18975776292.225,21.05841,18485580000.0,34765260000.0,2010.0
PTT.BK,PTT PCL,PTT,Thailand,A-,13.8158600057437,43.06859,,25.06965,,1229109195675.0,0.41259,910661288000.0,69.52961,480703836342.0,1229109195675.0,2010.0
ELIr.AT,Elinoil Hellenic Petroleum Company SA,ELIN,Greece,BBB-,4.25037461835913,26.55534,,42.159,,146448979.0,1.06531,31453131.6,118.79077,49541520.0,146448979.0,2010.0
NVTK.MM,Novatek PAO,NVTK,Russia,A+,24.8598450376344,64.66356,,21.15031,,285173000000.0,0.36945,1019500465620.0,43.0465,147119000000.0,285173000000.0,2010.0
PEA.TO,Pieridae Energy Ltd,PEA,Canada,BB+,-6.55702785756766,65.70721,,,,40536750.0,-0.17681,82498547.2,6.90719,34103341.0,40536750.0,2010.0
ENER.KW,Energy House Holding Company KSCP,ENERGYH,Kuwait,BBB,-1.85464259513347,33.71963,,41.35876,,113066442.0,-0.56009,135000000.0,12.60936,74980543.0,113066442.0,2010.0
PGN.WA,Polskie Gornictwo Naftowe i Gazownictwo SA,PGN,Poland,A-,10.8447093634243,76.27938,,16.31127,,33642407000.0,0.03587,21063000000.0,9.46376,23506046000.0,33642407000.0,2010.0
SHEL.L,Shell PLC,SHEL,United Kingdom,A-,13.5463211200477,44.2194,,42.0722,,322856000000.0,0.20582,206839874754.39,29.5397,148309000000.0,322856000000.0,2010.0
ECHOE.L,Echo Energy PLC,ECHO,United Kingdom,CCC+,-5.80375433905641,50.93585,,,,28212630.00786,-0.2282,57251075.043205,,24705109.19089,28212630.00786,2010.0
DANA.AD,Dana Gas PJSC,DANA,United Arab Emirates,AA+,7.90146138602982,32.35568,,62.55924,,3221160390.97171,-0.07782,1329739442.94699,0.0,2166135751.04141,3221160390.97171,2010.0
ROSN.MM,NK Rosneft' PAO,ROSN,Russia,BB-,15.251856311459,68.02653,,16.15599,,3015000000000.0,0.21329,2317821488577.9,40.20101,1759000000000.0,3015000000000.0,2010.0
GALP.LS,Galp Energia SGPS SA,GALP,Portugal,BBB+,11.9498786428536,39.22926,,26.64399,,9147515000.0,1.07245,11058593875.14,114.48074,2613209000.0,9147515000.0,2010.0
GSP.MI,Gas Plus SpA,GSP,Italy,B,-2.73760713918361,12.20764,,,,913813000.0,1.11954,178515739.5,118.25758,200957000.0,913813000.0,2010.0
INAI.ZA,INA dd,INA-R-A,Croatia,AA-,8.80366896360997,69.82485,,27.54173,,31231000000.0,0.77683,31747200000.0,80.16103,12791000000.0,31231000000.0,2010.0
601857.SS,PetroChina Co Ltd,601857,China,A+,16.7827890429177,75.0247,,20.35953,,1650531000000.0,0.17456,1998517297570.84,23.21481,939043000000.0,1656368000000.0,2010.0
ECO.CN,Ecopetrol SA,ECOPETROL,Colombia,BBB+,24.0728020711338,49.49995,,28.18027,,68769356000000.0,0.11619,165937301610800.0,21.31548,41328181000000.0,68769356000000.0,2010.0
CVE.TO,Cenovus Energy Inc,CVE,Canada,BBB+,5.73273531916726,67.2379,,17.10123,,19840000000.0,0.72627,25000028884.48,76.20012,8395000000.0,19840000000.0,2010.0
NIIS.BEL,NIS ad Novi Sad,NIIS,Republic of Serbia,AA-,25.0080084843716,56.66488,,-36.17414,,178107989000.0,0.75242,77453690000.0,103.20211,47006795000.0,178107989000.0,2010.0
IOG.L,Iog PLC,IOG,United Kingdom,BB-,,,,,,,,,,,,2010.0
2222.SE,Saudi Arabian Oil Co,2222,Saudi Arabia,AA-,,,,,,,,,,,,2010.0
RNFT.MM,NK Russneft' PAO,RNFT,Russia,BB-,6.3788836787942,0.01801,,,,269586464000.0,4.27724,,556.96063,34759172000.0,269586464000.0,2010.0
UNTC.PK,Unit Corp,UNTC,United States of America,BB,9.73215446625926,89.90391,,38.24999,,2669240000.0,0.09686,2226083372.8,9.76554,1710617000.0,2669240000.0,2010.0
